{
  "model": {
    "type": "select",
    "property": "custom_model_data",
    "fallback": {
      "type": "empty"
    },
    "cases": [
      {
        "when": "default",
        "model": {
          "type": "model",
          "model": "cronica:item/character/ikaros/unique/apollon_arrow/default"
        }
      },
      {
        "when": "used",
        "model": {
          "type": "model",
          "model": "cronica:item/character/ikaros/unique/apollon_arrow/used"
        }
      },
      {
        "when": "twilight",
        "model": {
          "type": "model",
          "model": "cronica:item/character/ikaros/unique/apollon_arrow/twilight"
        }
      }
    ]
  }
}