{
  "model": {
    "type": "select",
    "property": "minecraft:component",
    "component": "potion_contents",
    "cases": [
      {
        "when": {
          "potion": "mundane"
        },
        "model": {
          "type": "model",
          "model": "item/splash_potion/mundane_potion",
          "tints": [
            {
              "type": "minecraft:potion",
              "default": -13083194
            }
          ]
        }
      },
      {
        "when": {
          "potion": "thick"
        },
        "model": {
          "type": "model",
          "model": "item/splash_potion/thick_potion",
          "tints": [
            {
              "type": "minecraft:potion",
              "default": -13083194
            }
          ]
        }
      },
      {
        "when": {
          "potion": "awkward"
        },
        "model": {
          "type": "model",
          "model": "item/splash_potion/awkward_potion",
          "tints": [
            {
              "type": "minecraft:potion",
              "default": -13083194
            }
          ]
        }
      },
      {
        "when": {
          "potion": "night_vision"
        },
        "model": {
          "type": "model",
          "model": "item/splash_potion/night_vision",
          "tints": [
            {
              "type": "minecraft:potion",
              "default": -13083194
            }
          ]
        }
      },
      {
        "when": {
          "potion": "long_night_vision"
        },
        "model": {
          "type": "model",
          "model": "item/splash_potion/long_night_vision",
          "tints": [
            {
              "type": "minecraft:potion",
              "default": -13083194
            }
          ]
        }
      },
      {
        "when": {
          "potion": "invisibility"
        },
        "model": {
          "type": "model",
          "model": "item/splash_potion/invisibility",
          "tints": [
            {
              "type": "minecraft:potion",
              "default": -13083194
            }
          ]
        }
      },
      {
        "when": {
          "potion": "long_invisibility"
        },
        "model": {
          "type": "model",
          "model": "item/splash_potion/long_invisibility",
          "tints": [
            {
              "type": "minecraft:potion",
              "default": -13083194
            }
          ]
        }
      },
      {
        "when": {
          "potion": "leaping"
        },
        "model": {
          "type": "model",
          "model": "item/splash_potion/leaping",
          "tints": [
            {
              "type": "minecraft:potion",
              "default": -13083194
            }
          ]
        }
      },
      {
        "when": {
          "potion": "long_leaping"
        },
        "model": {
          "type": "model",
          "model": "item/splash_potion/long_leaping",
          "tints": [
            {
              "type": "minecraft:potion",
              "default": -13083194
            }
          ]
        }
      },
      {
        "when": {
          "potion": "strong_leaping"
        },
        "model": {
          "type": "model",
          "model": "item/splash_potion/strong_leaping",
          "tints": [
            {
              "type": "minecraft:potion",
              "default": -13083194
            }
          ]
        }
      },
      {
        "when": {
          "potion": "fire_resistance"
        },
        "model": {
          "type": "model",
          "model": "item/splash_potion/fire_resistance",
          "tints": [
            {
              "type": "minecraft:potion",
              "default": -13083194
            }
          ]
        }
      },
      {
        "when": {
          "potion": "long_fire_resistance"
        },
        "model": {
          "type": "model",
          "model": "item/splash_potion/long_fire_resistance",
          "tints": [
            {
              "type": "minecraft:potion",
              "default": -13083194
            }
          ]
        }
      },
      {
        "when": {
          "potion": "swiftness"
        },
        "model": {
          "type": "model",
          "model": "item/splash_potion/swiftness",
          "tints": [
            {
              "type": "minecraft:potion",
              "default": -13083194
            }
          ]
        }
      },
      {
        "when": {
          "potion": "long_swiftness"
        },
        "model": {
          "type": "model",
          "model": "item/splash_potion/long_swiftness",
          "tints": [
            {
              "type": "minecraft:potion",
              "default": -13083194
            }
          ]
        }
      },
      {
        "when": {
          "potion": "strong_swiftness"
        },
        "model": {
          "type": "model",
          "model": "item/splash_potion/strong_swiftness",
          "tints": [
            {
              "type": "minecraft:potion",
              "default": -13083194
            }
          ]
        }
      },
      {
        "when": {
          "potion": "slowness"
        },
        "model": {
          "type": "model",
          "model": "item/splash_potion/slowness",
          "tints": [
            {
              "type": "minecraft:potion",
              "default": -13083194
            }
          ]
        }
      },
      {
        "when": {
          "potion": "long_slowness"
        },
        "model": {
          "type": "model",
          "model": "item/splash_potion/long_slowness",
          "tints": [
            {
              "type": "minecraft:potion",
              "default": -13083194
            }
          ]
        }
      },
      {
        "when": {
          "potion": "strong_slowness"
        },
        "model": {
          "type": "model",
          "model": "item/splash_potion/strong_slowness",
          "tints": [
            {
              "type": "minecraft:potion",
              "default": -13083194
            }
          ]
        }
      },
      {
        "when": {
          "potion": "turtle_master"
        },
        "model": {
          "type": "model",
          "model": "item/splash_potion/turtle_master",
          "tints": [
            {
              "type": "minecraft:potion",
              "default": -13083194
            }
          ]
        }
      },
      {
        "when": {
          "potion": "long_turtle_master"
        },
        "model": {
          "type": "model",
          "model": "item/splash_potion/long_turtle_master",
          "tints": [
            {
              "type": "minecraft:potion",
              "default": -13083194
            }
          ]
        }
      },
      {
        "when": {
          "potion": "strong_turtle_master"
        },
        "model": {
          "type": "model",
          "model": "item/splash_potion/strong_turtle_master",
          "tints": [
            {
              "type": "minecraft:potion",
              "default": -13083194
            }
          ]
        }
      },
      {
        "when": {
          "potion": "water_breathing"
        },
        "model": {
          "type": "model",
          "model": "item/splash_potion/water_breathing",
          "tints": [
            {
              "type": "minecraft:potion",
              "default": -13083194
            }
          ]
        }
      },
      {
        "when": {
          "potion": "long_water_breathing"
        },
        "model": {
          "type": "model",
          "model": "item/splash_potion/long_water_breathing",
          "tints": [
            {
              "type": "minecraft:potion",
              "default": -13083194
            }
          ]
        }
      },
      {
        "when": {
          "potion": "healing"
        },
        "model": {
          "type": "model",
          "model": "item/splash_potion/healing",
          "tints": [
            {
              "type": "minecraft:potion",
              "default": -13083194
            }
          ]
        }
      },
      {
        "when": {
          "potion": "strong_healing"
        },
        "model": {
          "type": "model",
          "model": "item/splash_potion/strong_healing",
          "tints": [
            {
              "type": "minecraft:potion",
              "default": -13083194
            }
          ]
        }
      },
      {
        "when": {
          "potion": "harming"
        },
        "model": {
          "type": "model",
          "model": "item/splash_potion/harming",
          "tints": [
            {
              "type": "minecraft:potion",
              "default": -13083194
            }
          ]
        }
      },
      {
        "when": {
          "potion": "strong_harming"
        },
        "model": {
          "type": "model",
          "model": "item/splash_potion/strong_harming",
          "tints": [
            {
              "type": "minecraft:potion",
              "default": -13083194
            }
          ]
        }
      },
      {
        "when": {
          "potion": "poison"
        },
        "model": {
          "type": "model",
          "model": "item/splash_potion/poison",
          "tints": [
            {
              "type": "minecraft:potion",
              "default": -13083194
            }
          ]
        }
      },
      {
        "when": {
          "potion": "long_poison"
        },
        "model": {
          "type": "model",
          "model": "item/splash_potion/long_poison",
          "tints": [
            {
              "type": "minecraft:potion",
              "default": -13083194
            }
          ]
        }
      },
      {
        "when": {
          "potion": "strong_poison"
        },
        "model": {
          "type": "model",
          "model": "item/splash_potion/strong_poison",
          "tints": [
            {
              "type": "minecraft:potion",
              "default": -13083194
            }
          ]
        }
      },
      {
        "when": {
          "potion": "regeneration"
        },
        "model": {
          "type": "model",
          "model": "item/splash_potion/regeneration",
          "tints": [
            {
              "type": "minecraft:potion",
              "default": -13083194
            }
          ]
        }
      },
      {
        "when": {
          "potion": "long_regeneration"
        },
        "model": {
          "type": "model",
          "model": "item/splash_potion/long_regeneration",
          "tints": [
            {
              "type": "minecraft:potion",
              "default": -13083194
            }
          ]
        }
      },
      {
        "when": {
          "potion": "strong_regeneration"
        },
        "model": {
          "type": "model",
          "model": "item/splash_potion/strong_regeneration",
          "tints": [
            {
              "type": "minecraft:potion",
              "default": -13083194
            }
          ]
        }
      },
      {
        "when": {
          "potion": "strength"
        },
        "model": {
          "type": "model",
          "model": "item/splash_potion/strength",
          "tints": [
            {
              "type": "minecraft:potion",
              "default": -13083194
            }
          ]
        }
      },
      {
        "when": {
          "potion": "long_strength"
        },
        "model": {
          "type": "model",
          "model": "item/splash_potion/long_strength",
          "tints": [
            {
              "type": "minecraft:potion",
              "default": -13083194
            }
          ]
        }
      },
      {
        "when": {
          "potion": "strong_strength"
        },
        "model": {
          "type": "model",
          "model": "item/splash_potion/strong_strength",
          "tints": [
            {
              "type": "minecraft:potion",
              "default": -13083194
            }
          ]
        }
      },
      {
        "when": {
          "potion": "weakness"
        },
        "model": {
          "type": "model",
          "model": "item/splash_potion/weakness",
          "tints": [
            {
              "type": "minecraft:potion",
              "default": -13083194
            }
          ]
        }
      },
      {
        "when": {
          "potion": "long_weakness"
        },
        "model": {
          "type": "model",
          "model": "item/splash_potion/long_weakness",
          "tints": [
            {
              "type": "minecraft:potion",
              "default": -13083194
            }
          ]
        }
      },
      {
        "when": {
          "potion": "slow_falling"
        },
        "model": {
          "type": "model",
          "model": "item/splash_potion/slow_falling",
          "tints": [
            {
              "type": "minecraft:potion",
              "default": -13083194
            }
          ]
        }
      },
      {
        "when": {
          "potion": "long_slow_falling"
        },
        "model": {
          "type": "model",
          "model": "item/splash_potion/long_slow_falling",
          "tints": [
            {
              "type": "minecraft:potion",
              "default": -13083194
            }
          ]
        }
      },
      {
        "when": {
          "potion": "luck"
        },
        "model": {
          "type": "model",
          "model": "item/splash_potion/luck",
          "tints": [
            {
              "type": "minecraft:potion",
              "default": -13083194
            }
          ]
        }
      },
      {
        "when": {
          "potion": "wind_charged"
        },
        "model": {
          "type": "model",
          "model": "item/splash_potion/wind_charged",
          "tints": [
            {
              "type": "minecraft:potion",
              "default": -13083194
            }
          ]
        }
      },
      {
        "when": {
          "potion": "weaving"
        },
        "model": {
          "type": "model",
          "model": "item/splash_potion/weaving",
          "tints": [
            {
              "type": "minecraft:potion",
              "default": -13083194
            }
          ]
        }
      },
      {
        "when": {
          "potion": "oozing"
        },
        "model": {
          "type": "model",
          "model": "item/splash_potion/oozing",
          "tints": [
            {
              "type": "minecraft:potion",
              "default": -13083194
            }
          ]
        }
      },
      {
        "when": {
          "potion": "infested"
        },
        "model": {
          "type": "model",
          "model": "item/splash_potion/infested",
          "tints": [
            {
              "type": "minecraft:potion",
              "default": -13083194
            }
          ]
        }
      }
    ],
    "fallback": {
      "type": "minecraft:model",
      "model": "minecraft:item/splash_potion",
      "tints": [
        {
          "type": "minecraft:potion",
          "default": -13083194
        }
      ]
    }
  }
}