{
  "model": {
    "type": "select",
    "property": "custom_model_data",
    "fallback": {
      "type": "empty"
    },
    "cases": [
      {
        "when": "default",
        "model": {
          "type": "model",
          "model": "cronica:item/character/brave/select/hook_shot/default"
        }
      },
      {
        "when": "using",
        "model": {
          "type": "model",
          "model": "cronica:item/character/brave/select/hook_shot/using"
        }
      },
      {
        "when": "used",
        "model": {
          "type": "model",
          "model": "cronica:item/character/brave/select/hook_shot/used"
        }
      },
      {
        "when": "ban",
        "model": {
          "type": "model",
          "model": "cronica:item/character/brave/select/hook_shot/ban"
        }
      },
      {
        "when": "charging_0",
        "model": {
          "type": "model",
          "model": "cronica:item/character/brave/select/hook_shot/gauge/charging_0"
        }
      },
      {
        "when": "charging_1",
        "model": {
          "type": "model",
          "model": "cronica:item/character/brave/select/hook_shot/gauge/charging_1"
        }
      },
      {
        "when": "charging_2",
        "model": {
          "type": "model",
          "model": "cronica:item/character/brave/select/hook_shot/gauge/charging_2"
        }
      },
      {
        "when": "charging_3",
        "model": {
          "type": "model",
          "model": "cronica:item/character/brave/select/hook_shot/gauge/charging_3"
        }
      },
      {
        "when": "charging_4",
        "model": {
          "type": "model",
          "model": "cronica:item/character/brave/select/hook_shot/gauge/charging_4"
        }
      },
      {
        "when": "charging_5",
        "model": {
          "type": "model",
          "model": "cronica:item/character/brave/select/hook_shot/gauge/charging_5"
        }
      },
      {
        "when": "charging_6",
        "model": {
          "type": "model",
          "model": "cronica:item/character/brave/select/hook_shot/gauge/charging_6"
        }
      },
      {
        "when": "charging_7",
        "model": {
          "type": "model",
          "model": "cronica:item/character/brave/select/hook_shot/gauge/charging_7"
        }
      },
      {
        "when": "charging_8",
        "model": {
          "type": "model",
          "model": "cronica:item/character/brave/select/hook_shot/gauge/charging_8"
        }
      },
      {
        "when": "charging_9",
        "model": {
          "type": "model",
          "model": "cronica:item/character/brave/select/hook_shot/gauge/charging_9"
        }
      },
      {
        "when": "charging_10",
        "model": {
          "type": "model",
          "model": "cronica:item/character/brave/select/hook_shot/gauge/charging_10"
        }
      },
      {
        "when": "charging_11",
        "model": {
          "type": "model",
          "model": "cronica:item/character/brave/select/hook_shot/gauge/charging_11"
        }
      },
      {
        "when": "charging_12",
        "model": {
          "type": "model",
          "model": "cronica:item/character/brave/select/hook_shot/gauge/charging_12"
        }
      },
      {
        "when": "charging_13",
        "model": {
          "type": "model",
          "model": "cronica:item/character/brave/select/hook_shot/gauge/charging_13"
        }
      },
      {
        "when": "charging_14",
        "model": {
          "type": "model",
          "model": "cronica:item/character/brave/select/hook_shot/gauge/charging_14"
        }
      },
      {
        "when": "charging_15",
        "model": {
          "type": "model",
          "model": "cronica:item/character/brave/select/hook_shot/gauge/charging_15"
        }
      },
      {
        "when": "charging_16",
        "model": {
          "type": "model",
          "model": "cronica:item/character/brave/select/hook_shot/gauge/charging_16"
        }
      },
      {
        "when": "charging_17",
        "model": {
          "type": "model",
          "model": "cronica:item/character/brave/select/hook_shot/gauge/charging_17"
        }
      },
      {
        "when": "charging_18",
        "model": {
          "type": "model",
          "model": "cronica:item/character/brave/select/hook_shot/gauge/charging_18"
        }
      },
      {
        "when": "charging_19",
        "model": {
          "type": "model",
          "model": "cronica:item/character/brave/select/hook_shot/gauge/charging_19"
        }
      }
    ]
  }
}