{
  "model": {
    "type": "minecraft:select",
    "property": "minecraft:custom_model_data",
    "cases": [
      {
        "when": "mode_twilight",
        "model": {
          "type": "minecraft:condition",
          "on_false": {
            "type": "minecraft:model",
            "model": "cronica:item/character/ikaros/weapon/apollon_bow/mode_twilight_default"
          },
          "on_true": {
            "type": "minecraft:range_dispatch",
            "entries": [
              {
                "model": {
                  "type": "minecraft:model",
                  "model": "cronica:item/character/ikaros/weapon/apollon_bow/mode_twilight_pulling_1"
                },
                "threshold": 0.65
              },
              {
                "model": {
                  "type": "minecraft:model",
                  "model": "cronica:item/character/ikaros/weapon/apollon_bow/mode_twilight_pulling_2"
                },
                "threshold": 0.9
              }
            ],
            "fallback": {
              "type": "minecraft:model",
              "model": "cronica:item/character/ikaros/weapon/apollon_bow/mode_twilight_pulling_0"
            },
            "property": "minecraft:use_duration",
            "scale": 0.05
          },
          "property": "minecraft:using_item"
        }
      },
      {
        "when": "default",
        "model": {
          "type": "minecraft:condition",
          "on_false": {
            "type": "minecraft:model",
            "model": "cronica:item/character/ikaros/weapon/apollon_bow/default"
          },
          "on_true": {
            "type": "minecraft:range_dispatch",
            "entries": [
              {
                "model": {
                  "type": "minecraft:model",
                  "model": "cronica:item/character/ikaros/weapon/apollon_bow/pulling_1"
                },
                "threshold": 0.65
              },
              {
                "model": {
                  "type": "minecraft:model",
                  "model": "cronica:item/character/ikaros/weapon/apollon_bow/pulling_2"
                },
                "threshold": 0.9
              }
            ],
            "fallback": {
              "type": "minecraft:model",
              "model": "cronica:item/character/ikaros/weapon/apollon_bow/pulling_0"
            },
            "property": "minecraft:use_duration",
            "scale": 0.05
          },
          "property": "minecraft:using_item"
        }
      },
      {
        "when": "using",
        "model": {
          "type": "model",
          "model": "cronica:item/character/ikaros/weapon/apollon_bow/using"
        }
      },
      {
        "when": "used",
        "model": {
          "type": "model",
          "model": "cronica:item/character/ikaros/weapon/apollon_bow/used"
        }
      },
      {
        "when": "ban",
        "model": {
          "type": "model",
          "model": "cronica:item/character/ikaros/weapon/apollon_bow/ban"
        }
      },
      {
        "when": "charging_0",
        "model": {
          "type": "model",
          "model": "cronica:item/character/ikaros/weapon/apollon_bow/gauge/charging_0"
        }
      },
      {
        "when": "charging_1",
        "model": {
          "type": "model",
          "model": "cronica:item/character/ikaros/weapon/apollon_bow/gauge/charging_1"
        }
      },
      {
        "when": "charging_2",
        "model": {
          "type": "model",
          "model": "cronica:item/character/ikaros/weapon/apollon_bow/gauge/charging_2"
        }
      },
      {
        "when": "charging_3",
        "model": {
          "type": "model",
          "model": "cronica:item/character/ikaros/weapon/apollon_bow/gauge/charging_3"
        }
      },
      {
        "when": "charging_4",
        "model": {
          "type": "model",
          "model": "cronica:item/character/ikaros/weapon/apollon_bow/gauge/charging_4"
        }
      },
      {
        "when": "charging_5",
        "model": {
          "type": "model",
          "model": "cronica:item/character/ikaros/weapon/apollon_bow/gauge/charging_5"
        }
      },
      {
        "when": "charging_6",
        "model": {
          "type": "model",
          "model": "cronica:item/character/ikaros/weapon/apollon_bow/gauge/charging_6"
        }
      },
      {
        "when": "charging_7",
        "model": {
          "type": "model",
          "model": "cronica:item/character/ikaros/weapon/apollon_bow/gauge/charging_7"
        }
      },
      {
        "when": "charging_8",
        "model": {
          "type": "model",
          "model": "cronica:item/character/ikaros/weapon/apollon_bow/gauge/charging_8"
        }
      },
      {
        "when": "charging_9",
        "model": {
          "type": "model",
          "model": "cronica:item/character/ikaros/weapon/apollon_bow/gauge/charging_9"
        }
      },
      {
        "when": "charging_10",
        "model": {
          "type": "model",
          "model": "cronica:item/character/ikaros/weapon/apollon_bow/gauge/charging_10"
        }
      },
      {
        "when": "charging_11",
        "model": {
          "type": "model",
          "model": "cronica:item/character/ikaros/weapon/apollon_bow/gauge/charging_11"
        }
      },
      {
        "when": "charging_12",
        "model": {
          "type": "model",
          "model": "cronica:item/character/ikaros/weapon/apollon_bow/gauge/charging_12"
        }
      },
      {
        "when": "charging_13",
        "model": {
          "type": "model",
          "model": "cronica:item/character/ikaros/weapon/apollon_bow/gauge/charging_13"
        }
      },
      {
        "when": "charging_14",
        "model": {
          "type": "model",
          "model": "cronica:item/character/ikaros/weapon/apollon_bow/gauge/charging_14"
        }
      },
      {
        "when": "charging_15",
        "model": {
          "type": "model",
          "model": "cronica:item/character/ikaros/weapon/apollon_bow/gauge/charging_15"
        }
      },
      {
        "when": "charging_16",
        "model": {
          "type": "model",
          "model": "cronica:item/character/ikaros/weapon/apollon_bow/gauge/charging_16"
        }
      },
      {
        "when": "charging_17",
        "model": {
          "type": "model",
          "model": "cronica:item/character/ikaros/weapon/apollon_bow/gauge/charging_17"
        }
      },
      {
        "when": "charging_18",
        "model": {
          "type": "model",
          "model": "cronica:item/character/ikaros/weapon/apollon_bow/gauge/charging_18"
        }
      },
      {
        "when": "charging_19",
        "model": {
          "type": "model",
          "model": "cronica:item/character/ikaros/weapon/apollon_bow/gauge/charging_19"
        }
      }
    ]
  }
}