{
  "pools": [
    {
      "rolls": 1,
      "entries": [
        {
          "type": "minecraft:item",
          "name": "minecraft:pufferfish",
          "functions": [
            {
              "function": "minecraft:set_name",
              "entity": "this",
              "target": "item_name",
              "name": {
                "text": "Skirmish LogIn",
                "color": "green",
                "font": "minecraft:default",
                "bold": true,
                "italic": true
              }
            },
            {
              "function": "minecraft:set_lore",
              "entity": "this",
              "lore": [
                {
                  "text": "スカーミッシュモードを開始する"
                }
              ],
              "mode": "replace_all"
            }
          ]
        }
      ]
    }
  ]
}
