{
  "minecraft:recipes/tools/wooden_axe": {
    "criteria": {
      "has_stick": "2022-06-02 00:22:47 +0900"
    },
    "done": true
  },
  "minecraft:recipes/decorations/campfire": {
    "criteria": {
      "has_stick": "2022-06-02 00:22:47 +0900"
    },
    "done": true
  },
  "minecraft:recipes/decorations/ladder": {
    "criteria": {
      "has_stick": "2022-06-02 00:22:47 +0900"
    },
    "done": true
  },
  "minecraft:recipes/tools/wooden_shovel": {
    "criteria": {
      "has_stick": "2022-06-02 00:22:47 +0900"
    },
    "done": true
  },
  "minecraft:recipes/combat/wooden_sword": {
    "criteria": {
      "has_stick": "2022-06-02 00:22:47 +0900"
    },
    "done": true
  },
  "minecraft:recipes/redstone/dispenser": {
    "criteria": {
      "has_bow": "2022-06-02 00:22:47 +0900"
    },
    "done": true
  },
  "minecraft:recipes/tools/wooden_hoe": {
    "criteria": {
      "has_stick": "2022-06-02 00:22:47 +0900"
    },
    "done": true
  },
  "minecraft:recipes/tools/wooden_pickaxe": {
    "criteria": {
      "has_stick": "2022-06-02 00:22:47 +0900"
    },
    "done": true
  },
  "minecraft:adventure/root": {
    "criteria": {
      "killed_by_something": "2022-06-02 00:23:31 +0900"
    },
    "done": true
  },
  "minecraft:adventure/shoot_arrow": {
    "criteria": {
      "shot_arrow": "2022-06-02 00:24:11 +0900"
    },
    "done": true
  },
  "minecraft:recipes/transportation/spruce_boat": {
    "criteria": {
      "in_water": "2022-06-02 01:12:54 +0900"
    },
    "done": true
  },
  "minecraft:recipes/transportation/birch_boat": {
    "criteria": {
      "in_water": "2022-06-02 01:12:54 +0900"
    },
    "done": true
  },
  "minecraft:recipes/transportation/acacia_boat": {
    "criteria": {
      "in_water": "2022-06-02 01:12:54 +0900"
    },
    "done": true
  },
  "minecraft:recipes/transportation/jungle_boat": {
    "criteria": {
      "in_water": "2022-06-02 01:12:54 +0900"
    },
    "done": true
  },
  "minecraft:recipes/transportation/dark_oak_boat": {
    "criteria": {
      "in_water": "2022-06-02 01:12:54 +0900"
    },
    "done": true
  },
  "minecraft:recipes/transportation/oak_boat": {
    "criteria": {
      "in_water": "2022-06-02 01:12:54 +0900"
    },
    "done": true
  },
  "minecraft:recipes/decorations/chest": {
    "criteria": {
      "has_lots_of_items": "2022-06-02 01:25:40 +0900"
    },
    "done": true
  },
  "minecraft:recipes/misc/stick": {
    "criteria": {
      "has_planks": "2022-06-02 02:28:25 +0900"
    },
    "done": true
  },
  "minecraft:recipes/redstone/oak_pressure_plate": {
    "criteria": {
      "has_planks": "2022-06-02 02:28:25 +0900"
    },
    "done": true
  },
  "minecraft:recipes/decorations/oak_sign": {
    "criteria": {
      "has_planks": "2022-06-02 02:28:25 +0900"
    },
    "done": true
  },
  "minecraft:recipes/redstone/oak_trapdoor": {
    "criteria": {
      "has_planks": "2022-06-02 02:28:25 +0900"
    },
    "done": true
  },
  "minecraft:recipes/redstone/oak_fence_gate": {
    "criteria": {
      "has_planks": "2022-06-02 02:28:25 +0900"
    },
    "done": true
  },
  "minecraft:recipes/redstone/oak_button": {
    "criteria": {
      "has_planks": "2022-06-02 02:28:25 +0900"
    },
    "done": true
  },
  "minecraft:recipes/building_blocks/oak_stairs": {
    "criteria": {
      "has_planks": "2022-06-02 02:28:25 +0900"
    },
    "done": true
  },
  "minecraft:recipes/decorations/barrel": {
    "criteria": {
      "has_planks": "2022-06-02 02:28:25 +0900"
    },
    "done": true
  },
  "minecraft:recipes/redstone/oak_door": {
    "criteria": {
      "has_planks": "2022-06-02 02:28:25 +0900"
    },
    "done": true
  },
  "minecraft:recipes/decorations/oak_fence": {
    "criteria": {
      "has_planks": "2022-06-02 02:28:25 +0900"
    },
    "done": true
  },
  "minecraft:recipes/building_blocks/oak_slab": {
    "criteria": {
      "has_planks": "2022-06-02 02:28:25 +0900"
    },
    "done": true
  },
  "minecraft:recipes/building_blocks/stone_bricks": {
    "criteria": {
      "has_stone": "2022-06-02 03:11:45 +0900"
    },
    "done": true
  },
  "minecraft:recipes/building_blocks/stone_bricks_from_stone_stonecutting": {
    "criteria": {
      "has_stone": "2022-06-02 03:11:45 +0900"
    },
    "done": true
  },
  "minecraft:recipes/building_blocks/smooth_stone": {
    "criteria": {
      "has_stone": "2022-06-02 03:11:45 +0900"
    },
    "done": true
  },
  "minecraft:recipes/building_blocks/stone_slab_from_stone_stonecutting": {
    "criteria": {
      "has_stone": "2022-06-02 03:11:45 +0900"
    },
    "done": true
  },
  "minecraft:recipes/building_blocks/chiseled_stone_bricks_stone_from_stonecutting": {
    "criteria": {
      "has_stone": "2022-06-02 03:11:45 +0900"
    },
    "done": true
  },
  "minecraft:recipes/building_blocks/stone_slab": {
    "criteria": {
      "has_stone": "2022-06-02 03:11:45 +0900"
    },
    "done": true
  },
  "minecraft:recipes/building_blocks/stone_brick_slab_from_stone_stonecutting": {
    "criteria": {
      "has_stone": "2022-06-02 03:11:45 +0900"
    },
    "done": true
  },
  "minecraft:recipes/redstone/stone_button": {
    "criteria": {
      "has_stone": "2022-06-02 03:11:45 +0900"
    },
    "done": true
  },
  "minecraft:recipes/building_blocks/stone_stairs_from_stone_stonecutting": {
    "criteria": {
      "has_stone": "2022-06-02 03:11:45 +0900"
    },
    "done": true
  },
  "minecraft:recipes/decorations/stonecutter": {
    "criteria": {
      "has_stone": "2022-06-02 03:11:45 +0900"
    },
    "done": true
  },
  "minecraft:recipes/redstone/stone_pressure_plate": {
    "criteria": {
      "has_stone": "2022-06-02 03:11:45 +0900"
    },
    "done": true
  },
  "minecraft:recipes/decorations/stone_brick_walls_from_stone_stonecutting": {
    "criteria": {
      "has_stone": "2022-06-02 03:11:45 +0900"
    },
    "done": true
  },
  "minecraft:recipes/building_blocks/stone_brick_stairs_from_stone_stonecutting": {
    "criteria": {
      "has_stone": "2022-06-02 03:11:45 +0900"
    },
    "done": true
  },
  "minecraft:recipes/building_blocks/stone_stairs": {
    "criteria": {
      "has_stone": "2022-06-02 03:11:45 +0900"
    },
    "done": true
  },
  "minecraft:recipes/building_blocks/polished_granite_stairs": {
    "criteria": {
      "has_polished_granite": "2022-06-02 03:17:09 +0900"
    },
    "done": true
  },
  "minecraft:recipes/building_blocks/polished_granite_slab": {
    "criteria": {
      "has_polished_granite": "2022-06-02 03:17:09 +0900"
    },
    "done": true
  },
  "minecraft:recipes/building_blocks/polished_granite_stairs_from_polished_granite_stonecutting": {
    "criteria": {
      "has_polished_granite": "2022-06-02 03:17:09 +0900"
    },
    "done": true
  },
  "minecraft:recipes/building_blocks/polished_granite_slab_from_polished_granite_stonecutting": {
    "criteria": {
      "has_polished_granite": "2022-06-02 03:17:09 +0900"
    },
    "done": true
  },
  "minecraft:recipes/transportation/mangrove_boat": {
    "criteria": {
      "in_water": "2022-06-20 22:29:39 +0900"
    },
    "done": true
  },
  "minecraft:adventure/trade": {
    "criteria": {
      "traded": "2022-06-20 22:31:02 +0900"
    },
    "done": true
  },
  "minecraft:recipes/building_blocks/snow_block": {
    "criteria": {
      "has_snowball": "2022-06-20 22:32:09 +0900"
    },
    "done": true
  },
  "minecraft:recipes/decorations/snow": {
    "criteria": {
      "has_snowball": "2022-06-20 22:32:09 +0900"
    },
    "done": true
  },
  "minecraft:recipes/building_blocks/black_stained_glass": {
    "criteria": {
      "has_glass": "2022-06-26 19:05:46 +0900"
    },
    "done": true
  },
  "minecraft:recipes/building_blocks/gray_stained_glass": {
    "criteria": {
      "has_glass": "2022-06-26 19:05:46 +0900"
    },
    "done": true
  },
  "minecraft:recipes/brewing/glass_bottle": {
    "criteria": {
      "has_glass": "2022-06-26 19:05:46 +0900"
    },
    "done": true
  },
  "minecraft:recipes/building_blocks/purple_stained_glass": {
    "criteria": {
      "has_glass": "2022-06-26 19:05:46 +0900"
    },
    "done": true
  },
  "minecraft:recipes/building_blocks/white_stained_glass": {
    "criteria": {
      "has_glass": "2022-06-26 19:05:46 +0900"
    },
    "done": true
  },
  "minecraft:recipes/building_blocks/blue_stained_glass": {
    "criteria": {
      "has_glass": "2022-06-26 19:05:46 +0900"
    },
    "done": true
  },
  "minecraft:recipes/building_blocks/green_stained_glass": {
    "criteria": {
      "has_glass": "2022-06-26 19:05:46 +0900"
    },
    "done": true
  },
  "minecraft:recipes/building_blocks/cyan_stained_glass": {
    "criteria": {
      "has_glass": "2022-06-26 19:05:46 +0900"
    },
    "done": true
  },
  "minecraft:recipes/building_blocks/yellow_stained_glass": {
    "criteria": {
      "has_glass": "2022-06-26 19:05:46 +0900"
    },
    "done": true
  },
  "minecraft:recipes/building_blocks/red_stained_glass": {
    "criteria": {
      "has_glass": "2022-06-26 19:05:46 +0900"
    },
    "done": true
  },
  "minecraft:recipes/building_blocks/orange_stained_glass": {
    "criteria": {
      "has_glass": "2022-06-26 19:05:46 +0900"
    },
    "done": true
  },
  "minecraft:recipes/building_blocks/brown_stained_glass": {
    "criteria": {
      "has_glass": "2022-06-26 19:05:46 +0900"
    },
    "done": true
  },
  "minecraft:recipes/building_blocks/light_gray_stained_glass": {
    "criteria": {
      "has_glass": "2022-06-26 19:05:46 +0900"
    },
    "done": true
  },
  "minecraft:recipes/building_blocks/lime_stained_glass": {
    "criteria": {
      "has_glass": "2022-06-26 19:05:46 +0900"
    },
    "done": true
  },
  "minecraft:recipes/decorations/glass_pane": {
    "criteria": {
      "has_glass": "2022-06-26 19:05:46 +0900"
    },
    "done": true
  },
  "minecraft:recipes/building_blocks/magenta_stained_glass": {
    "criteria": {
      "has_glass": "2022-06-26 19:05:46 +0900"
    },
    "done": true
  },
  "minecraft:recipes/building_blocks/light_blue_stained_glass": {
    "criteria": {
      "has_glass": "2022-06-26 19:05:46 +0900"
    },
    "done": true
  },
  "minecraft:recipes/building_blocks/pink_stained_glass": {
    "criteria": {
      "has_glass": "2022-06-26 19:05:46 +0900"
    },
    "done": true
  },
  "minecraft:husbandry/balanced_diet": {
    "criteria": {
      "apple": "2022-06-26 19:08:49 +0900"
    },
    "done": false
  },
  "minecraft:husbandry/root": {
    "criteria": {
      "consumed_item": "2022-06-26 19:08:49 +0900"
    },
    "done": true
  },
  "minecraft:recipes/building_blocks/polished_andesite_slab": {
    "criteria": {
      "has_polished_andesite": "2022-06-26 19:29:44 +0900"
    },
    "done": true
  },
  "minecraft:recipes/building_blocks/polished_andesite_stairs": {
    "criteria": {
      "has_polished_andesite": "2022-06-26 19:29:44 +0900"
    },
    "done": true
  },
  "minecraft:recipes/building_blocks/polished_andesite_stairs_from_polished_andesite_stonecutting": {
    "criteria": {
      "has_polished_andesite": "2022-06-26 19:29:44 +0900"
    },
    "done": true
  },
  "minecraft:recipes/building_blocks/polished_andesite_slab_from_polished_andesite_stonecutting": {
    "criteria": {
      "has_polished_andesite": "2022-06-26 19:29:44 +0900"
    },
    "done": true
  },
  "minecraft:recipes/building_blocks/polished_diorite_slab_from_polished_diorite_stonecutting": {
    "criteria": {
      "has_polished_diorite": "2022-06-26 19:29:46 +0900"
    },
    "done": true
  },
  "minecraft:recipes/building_blocks/polished_diorite_slab": {
    "criteria": {
      "has_polished_diorite": "2022-06-26 19:29:46 +0900"
    },
    "done": true
  },
  "minecraft:recipes/building_blocks/polished_diorite_stairs_from_polished_diorite_stonecutting": {
    "criteria": {
      "has_polished_diorite": "2022-06-26 19:29:46 +0900"
    },
    "done": true
  },
  "minecraft:recipes/building_blocks/polished_diorite_stairs": {
    "criteria": {
      "has_polished_diorite": "2022-06-26 19:29:46 +0900"
    },
    "done": true
  },
  "minecraft:recipes/building_blocks/polished_andesite_stairs_from_andesite_stonecutting": {
    "criteria": {
      "has_andesite": "2022-06-26 19:30:38 +0900"
    },
    "done": true
  },
  "minecraft:recipes/building_blocks/andesite_slab_from_andesite_stonecutting": {
    "criteria": {
      "has_andesite": "2022-06-26 19:30:38 +0900"
    },
    "done": true
  },
  "minecraft:recipes/building_blocks/andesite_stairs_from_andesite_stonecutting": {
    "criteria": {
      "has_andesite": "2022-06-26 19:30:38 +0900"
    },
    "done": true
  },
  "minecraft:recipes/building_blocks/polished_andesite": {
    "criteria": {
      "has_andesite": "2022-06-26 19:30:38 +0900"
    },
    "done": true
  },
  "minecraft:recipes/building_blocks/andesite_stairs": {
    "criteria": {
      "has_andesite": "2022-06-26 19:30:38 +0900"
    },
    "done": true
  },
  "minecraft:recipes/building_blocks/polished_andesite_slab_from_andesite_stonecutting": {
    "criteria": {
      "has_andesite": "2022-06-26 19:30:38 +0900"
    },
    "done": true
  },
  "minecraft:recipes/building_blocks/polished_andesite_from_andesite_stonecutting": {
    "criteria": {
      "has_andesite": "2022-06-26 19:30:38 +0900"
    },
    "done": true
  },
  "minecraft:recipes/decorations/andesite_wall_from_andesite_stonecutting": {
    "criteria": {
      "has_andesite": "2022-06-26 19:30:38 +0900"
    },
    "done": true
  },
  "minecraft:recipes/decorations/andesite_wall": {
    "criteria": {
      "has_andesite": "2022-06-26 19:30:38 +0900"
    },
    "done": true
  },
  "minecraft:recipes/building_blocks/andesite_slab": {
    "criteria": {
      "has_andesite": "2022-06-26 19:30:38 +0900"
    },
    "done": true
  },
  "minecraft:recipes/decorations/end_crystal": {
    "criteria": {
      "has_ender_eye": "2022-06-26 19:35:15 +0900"
    },
    "done": true
  },
  "minecraft:recipes/decorations/ender_chest": {
    "criteria": {
      "has_ender_eye": "2022-06-26 19:35:15 +0900"
    },
    "done": true
  },
  "minecraft:recipes/decorations/white_stained_glass_pane": {
    "criteria": {
      "has_glass": "2022-06-26 19:41:41 +0900"
    },
    "done": true
  },
  "minecraft:recipes/building_blocks/smooth_quartz_slab_from_smooth_quartz_stonecutting": {
    "criteria": {
      "has_smooth_quartz": "2022-06-26 20:43:44 +0900"
    },
    "done": true
  },
  "minecraft:recipes/building_blocks/smooth_quartz_stairs": {
    "criteria": {
      "has_smooth_quartz": "2022-06-26 20:43:44 +0900"
    },
    "done": true
  },
  "minecraft:recipes/building_blocks/smooth_quartz_stairs_from_smooth_quartz_stonecutting": {
    "criteria": {
      "has_smooth_quartz": "2022-06-26 20:43:44 +0900"
    },
    "done": true
  },
  "minecraft:recipes/building_blocks/smooth_quartz_slab": {
    "criteria": {
      "has_smooth_quartz": "2022-06-26 20:43:44 +0900"
    },
    "done": true
  },
  "score_to_health:player_tick": {
    "criteria": {
      "tick": "2022-09-16 23:33:16 +0900"
    },
    "done": true
  },
  "minecraft:end/elytra": {
    "criteria": {
      "elytra": "2022-09-16 23:46:01 +0900"
    },
    "done": true
  },
  "minecraft:recipes/misc/iron_nugget_from_blasting": {
    "criteria": {
      "has_iron_leggings": "2022-09-16 23:49:45 +0900"
    },
    "done": true
  },
  "minecraft:story/obtain_armor": {
    "criteria": {
      "iron_leggings": "2022-09-16 23:49:45 +0900"
    },
    "done": true
  },
  "minecraft:recipes/misc/iron_nugget_from_smelting": {
    "criteria": {
      "has_iron_leggings": "2022-09-16 23:49:45 +0900"
    },
    "done": true
  },
  "minecraft:recipes/decorations/black_bed_from_white_bed": {
    "criteria": {
      "has_bed": "2022-09-16 23:50:40 +0900"
    },
    "done": true
  },
  "minecraft:recipes/decorations/yellow_bed_from_white_bed": {
    "criteria": {
      "has_bed": "2022-09-16 23:50:40 +0900"
    },
    "done": true
  },
  "minecraft:recipes/decorations/light_blue_bed_from_white_bed": {
    "criteria": {
      "has_bed": "2022-09-16 23:50:40 +0900"
    },
    "done": true
  },
  "minecraft:recipes/decorations/magenta_bed_from_white_bed": {
    "criteria": {
      "has_bed": "2022-09-16 23:50:40 +0900"
    },
    "done": true
  },
  "minecraft:recipes/decorations/orange_bed_from_white_bed": {
    "criteria": {
      "has_bed": "2022-09-16 23:50:40 +0900"
    },
    "done": true
  },
  "minecraft:recipes/decorations/purple_bed_from_white_bed": {
    "criteria": {
      "has_bed": "2022-09-16 23:50:40 +0900"
    },
    "done": true
  },
  "minecraft:recipes/decorations/cyan_bed_from_white_bed": {
    "criteria": {
      "has_bed": "2022-09-16 23:50:40 +0900"
    },
    "done": true
  },
  "minecraft:recipes/decorations/gray_bed_from_white_bed": {
    "criteria": {
      "has_bed": "2022-09-16 23:50:40 +0900"
    },
    "done": true
  },
  "minecraft:recipes/decorations/lime_bed_from_white_bed": {
    "criteria": {
      "has_bed": "2022-09-16 23:50:40 +0900"
    },
    "done": true
  },
  "minecraft:recipes/decorations/green_bed_from_white_bed": {
    "criteria": {
      "has_bed": "2022-09-16 23:50:40 +0900"
    },
    "done": true
  },
  "minecraft:recipes/decorations/brown_bed_from_white_bed": {
    "criteria": {
      "has_bed": "2022-09-16 23:50:40 +0900"
    },
    "done": true
  },
  "minecraft:recipes/decorations/pink_bed_from_white_bed": {
    "criteria": {
      "has_bed": "2022-09-16 23:50:40 +0900"
    },
    "done": true
  },
  "minecraft:recipes/decorations/red_bed_from_white_bed": {
    "criteria": {
      "has_bed": "2022-09-16 23:50:40 +0900"
    },
    "done": true
  },
  "minecraft:recipes/decorations/blue_bed_from_white_bed": {
    "criteria": {
      "has_bed": "2022-09-16 23:50:40 +0900"
    },
    "done": true
  },
  "minecraft:recipes/decorations/light_gray_bed_from_white_bed": {
    "criteria": {
      "has_bed": "2022-09-16 23:50:40 +0900"
    },
    "done": true
  },
  "minecraft:recipes/misc/iron_ingot_from_iron_block": {
    "criteria": {
      "has_iron_block": "2022-09-16 23:57:20 +0900"
    },
    "done": true
  },
  "minecraft:recipes/decorations/anvil": {
    "criteria": {
      "has_iron_block": "2022-09-16 23:57:20 +0900"
    },
    "done": true
  },
  "minecraft:recipes/decorations/grindstone": {
    "criteria": {
      "has_stone_slab": "2022-09-17 15:32:31 +0900"
    },
    "done": true
  },
  "minecraft:story/deflect_arrow": {
    "criteria": {
      "deflected_projectile": "2022-09-17 17:37:59 +0900"
    },
    "done": true
  },
  "minecraft:recipes/building_blocks/polished_diorite_stairs_from_diorite_stonecutting": {
    "criteria": {
      "has_diorite": "2022-09-17 18:47:11 +0900"
    },
    "done": true
  },
  "minecraft:recipes/building_blocks/diorite_stairs_from_diorite_stonecutting": {
    "criteria": {
      "has_diorite": "2022-09-17 18:47:11 +0900"
    },
    "done": true
  },
  "minecraft:recipes/building_blocks/diorite_slab_from_diorite_stonecutting": {
    "criteria": {
      "has_diorite": "2022-09-17 18:47:11 +0900"
    },
    "done": true
  },
  "minecraft:recipes/building_blocks/diorite_stairs": {
    "criteria": {
      "has_diorite": "2022-09-17 18:47:11 +0900"
    },
    "done": true
  },
  "minecraft:recipes/building_blocks/andesite": {
    "criteria": {
      "has_stone": "2022-09-17 18:47:11 +0900"
    },
    "done": true
  },
  "minecraft:recipes/building_blocks/diorite_slab": {
    "criteria": {
      "has_diorite": "2022-09-17 18:47:11 +0900"
    },
    "done": true
  },
  "minecraft:recipes/building_blocks/polished_diorite_slab_from_diorite_stonecutting": {
    "criteria": {
      "has_diorite": "2022-09-17 18:47:11 +0900"
    },
    "done": true
  },
  "minecraft:recipes/building_blocks/polished_diorite_from_diorite_stonecutting": {
    "criteria": {
      "has_diorite": "2022-09-17 18:47:11 +0900"
    },
    "done": true
  },
  "minecraft:recipes/decorations/diorite_wall_from_diorite_stonecutting": {
    "criteria": {
      "has_diorite": "2022-09-17 18:47:11 +0900"
    },
    "done": true
  },
  "minecraft:recipes/decorations/diorite_wall": {
    "criteria": {
      "has_diorite": "2022-09-17 18:47:11 +0900"
    },
    "done": true
  },
  "minecraft:recipes/building_blocks/polished_diorite": {
    "criteria": {
      "has_diorite": "2022-09-17 18:47:11 +0900"
    },
    "done": true
  },
  "minecraft:recipes/brewing/cauldron": {
    "criteria": {
      "has_water_bucket": "2022-09-17 18:53:04 +0900"
    },
    "done": true
  },
  "minecraft:story/lava_bucket": {
    "criteria": {
      "lava_bucket": "2022-09-17 18:55:19 +0900"
    },
    "done": true
  },
  "minecraft:recipes/building_blocks/chiseled_stone_bricks": {
    "criteria": {
      "has_tag": "2022-09-17 19:53:35 +0900"
    },
    "done": true
  },
  "minecraft:recipes/building_blocks/stone_brick_slab_from_stone_bricks_stonecutting": {
    "criteria": {
      "has_stone_bricks": "2022-09-17 19:53:35 +0900"
    },
    "done": true
  },
  "minecraft:recipes/decorations/stone_brick_wall_from_stone_bricks_stonecutting": {
    "criteria": {
      "has_stone_bricks": "2022-09-17 19:53:35 +0900"
    },
    "done": true
  },
  "minecraft:recipes/building_blocks/chiseled_stone_bricks_from_stone_bricks_stonecutting": {
    "criteria": {
      "has_stone_bricks": "2022-09-17 19:53:35 +0900"
    },
    "done": true
  },
  "minecraft:recipes/building_blocks/cracked_stone_bricks": {
    "criteria": {
      "has_stone_bricks": "2022-09-17 19:53:35 +0900"
    },
    "done": true
  },
  "minecraft:recipes/building_blocks/stone_brick_stairs_from_stone_bricks_stonecutting": {
    "criteria": {
      "has_stone_bricks": "2022-09-17 19:53:35 +0900"
    },
    "done": true
  },
  "minecraft:recipes/building_blocks/stone_brick_slab": {
    "criteria": {
      "has_stone_bricks": "2022-09-17 19:53:35 +0900"
    },
    "done": true
  },
  "minecraft:recipes/decorations/stone_brick_wall": {
    "criteria": {
      "has_stone_bricks": "2022-09-17 19:53:35 +0900"
    },
    "done": true
  },
  "minecraft:recipes/building_blocks/stone_brick_stairs": {
    "criteria": {
      "has_stone_bricks": "2022-09-17 19:53:35 +0900"
    },
    "done": true
  },
  "minecraft:adventure/ol_betsy": {
    "criteria": {
      "shot_crossbow": "2022-09-18 16:35:59 +0900"
    },
    "done": true
  },
  "minecraft:adventure/throw_trident": {
    "criteria": {
      "shot_trident": "2022-09-24 00:55:25 +0900"
    },
    "done": true
  },
  "minecraft:recipes/decorations/blast_furnace": {
    "criteria": {
      "has_smooth_stone": "2022-10-03 20:59:15 +0900"
    },
    "done": true
  },
  "minecraft:recipes/building_blocks/smooth_stone_slab": {
    "criteria": {
      "has_smooth_stone": "2022-10-03 20:59:15 +0900"
    },
    "done": true
  },
  "minecraft:recipes/building_blocks/smooth_stone_slab_from_smooth_stone_stonecutting": {
    "criteria": {
      "has_smooth_stone": "2022-10-03 20:59:15 +0900"
    },
    "done": true
  },
  "minecraft:recipes/building_blocks/magenta_concrete_powder": {
    "criteria": {
      "has_sand": "2022-10-03 21:22:33 +0900"
    },
    "done": true
  },
  "minecraft:recipes/building_blocks/lime_concrete_powder": {
    "criteria": {
      "has_sand": "2022-10-03 21:22:33 +0900"
    },
    "done": true
  },
  "minecraft:recipes/building_blocks/yellow_concrete_powder": {
    "criteria": {
      "has_sand": "2022-10-03 21:22:33 +0900"
    },
    "done": true
  },
  "minecraft:recipes/building_blocks/brown_concrete_powder": {
    "criteria": {
      "has_sand": "2022-10-03 21:22:33 +0900"
    },
    "done": true
  },
  "minecraft:recipes/building_blocks/blue_concrete_powder": {
    "criteria": {
      "has_sand": "2022-10-03 21:22:33 +0900"
    },
    "done": true
  },
  "minecraft:recipes/building_blocks/gray_concrete_powder": {
    "criteria": {
      "has_sand": "2022-10-03 21:22:33 +0900"
    },
    "done": true
  },
  "minecraft:recipes/building_blocks/black_concrete_powder": {
    "criteria": {
      "has_sand": "2022-10-03 21:22:33 +0900"
    },
    "done": true
  },
  "minecraft:recipes/building_blocks/light_gray_concrete_powder": {
    "criteria": {
      "has_sand": "2022-10-03 21:22:33 +0900"
    },
    "done": true
  },
  "minecraft:recipes/building_blocks/light_blue_concrete_powder": {
    "criteria": {
      "has_sand": "2022-10-03 21:22:33 +0900"
    },
    "done": true
  },
  "minecraft:recipes/building_blocks/pink_concrete_powder": {
    "criteria": {
      "has_sand": "2022-10-03 21:22:33 +0900"
    },
    "done": true
  },
  "minecraft:recipes/building_blocks/red_concrete_powder": {
    "criteria": {
      "has_sand": "2022-10-03 21:22:33 +0900"
    },
    "done": true
  },
  "minecraft:recipes/building_blocks/purple_concrete_powder": {
    "criteria": {
      "has_sand": "2022-10-03 21:22:33 +0900"
    },
    "done": true
  },
  "minecraft:recipes/building_blocks/sandstone": {
    "criteria": {
      "has_sand": "2022-10-03 21:22:33 +0900"
    },
    "done": true
  },
  "minecraft:recipes/building_blocks/green_concrete_powder": {
    "criteria": {
      "has_sand": "2022-10-03 21:22:33 +0900"
    },
    "done": true
  },
  "minecraft:recipes/building_blocks/white_concrete_powder": {
    "criteria": {
      "has_sand": "2022-10-03 21:22:33 +0900"
    },
    "done": true
  },
  "minecraft:recipes/building_blocks/orange_concrete_powder": {
    "criteria": {
      "has_sand": "2022-10-03 21:22:33 +0900"
    },
    "done": true
  },
  "minecraft:recipes/building_blocks/cyan_concrete_powder": {
    "criteria": {
      "has_sand": "2022-10-03 21:22:33 +0900"
    },
    "done": true
  },
  "minecraft:recipes/building_blocks/cut_sandstone_from_sandstone_stonecutting": {
    "criteria": {
      "has_sandstone": "2022-10-03 22:58:38 +0900"
    },
    "done": true
  },
  "minecraft:recipes/building_blocks/sandstone_stairs": {
    "criteria": {
      "has_sandstone": "2022-10-03 22:58:38 +0900"
    },
    "done": true
  },
  "minecraft:recipes/building_blocks/cut_sandstone_slab_from_sandstone_stonecutting": {
    "criteria": {
      "has_sandstone": "2022-10-03 22:58:38 +0900"
    },
    "done": true
  },
  "minecraft:recipes/building_blocks/chiseled_sandstone_from_sandstone_stonecutting": {
    "criteria": {
      "has_sandstone": "2022-10-03 22:58:38 +0900"
    },
    "done": true
  },
  "minecraft:recipes/building_blocks/cut_sandstone": {
    "criteria": {
      "has_sandstone": "2022-10-03 22:58:38 +0900"
    },
    "done": true
  },
  "minecraft:recipes/building_blocks/sandstone_stairs_from_sandstone_stonecutting": {
    "criteria": {
      "has_sandstone": "2022-10-03 22:58:38 +0900"
    },
    "done": true
  },
  "minecraft:recipes/building_blocks/sandstone_slab_from_sandstone_stonecutting": {
    "criteria": {
      "has_sandstone": "2022-10-03 22:58:38 +0900"
    },
    "done": true
  },
  "minecraft:recipes/building_blocks/sandstone_slab": {
    "criteria": {
      "has_sandstone": "2022-10-03 22:58:38 +0900"
    },
    "done": true
  },
  "minecraft:recipes/building_blocks/smooth_sandstone": {
    "criteria": {
      "has_sandstone": "2022-10-03 22:58:38 +0900"
    },
    "done": true
  },
  "minecraft:recipes/decorations/sandstone_wall": {
    "criteria": {
      "has_sandstone": "2022-10-03 22:58:38 +0900"
    },
    "done": true
  },
  "minecraft:recipes/decorations/sandstone_wall_from_sandstone_stonecutting": {
    "criteria": {
      "has_sandstone": "2022-10-03 22:58:38 +0900"
    },
    "done": true
  },
  "minecraft:recipes/decorations/crafting_table": {
    "criteria": {
      "unlock_right_away": "2023-04-20 22:04:52 +0900"
    },
    "done": true
  },
  "useful_tools:entered_world": {
    "criteria": {
      "enter": "2023-06-14 22:36:49 +0900"
    },
    "done": true
  },
  "minecraft:end/levitate": {
    "criteria": {
      "levitated": "2023-12-23 23:26:40 +0900"
    },
    "done": true
  },
  "DataVersion": 3337
}