{
    "type": "entity",
    "pools":
    [
        {
            "rolls": 1,
            "entries":
            [
                {
                    "type": "item",
                    "weight": 1,
                    "name": "minecraft:player_head",
                    "functions":
                    [
                        {
                            "function": "set_count",
                            "count": 1
                        },
                        {
                            "function": "set_components",
                            "components":
                            {
                                "minecraft:profile":
                                {
                                    "id":
                                    [
                                        2080793942,
                                        -524468218,
                                        -1541115779,
                                        1949756395
                                    ],
                                    "properties":
                                    [
                                        {
                                            "name": "textures",
                                            "value": "eyJ0ZXh0dXJlcyI6eyJTS0lOIjp7InVybCI6Imh0dHA6Ly90ZXh0dXJlcy5taW5lY3JhZnQubmV0L3RleHR1cmUvYTBiN2NhMmNlZDExZDMyNWEzMWQ1ZjI3NTNmYjcxZTIxNjk3ZDI5MWJlYzljMmZhNGE1ZjU5MGRiOWM5OTFmIn19fQ=="
                                        }
                                    ]
                                }
                            }
                        },
                        {
                            "function": "set_name",
                            "name":
                            [
                                {
                                    "text": "アーサー -Arthur-",
                                    "color": "gold",
                                    "bold": true
                                }
                            ]
                        },
                        {
                            "function": "set_lore",
                            "lore":
                            [
                                {
                                    "text": "====================",
                                    "color": "white"
                                },
                                {
                                    "text": "難易度　：★☆☆☆☆",
                                    "color": "white"
                                },
                                {
                                    "text": "戦闘性質：バランス",
                                    "color": "white"
                                },
                                {
                                    "text": "戦闘距離：近距離",
                                    "color": "white"
                                },
                                {
                                    "text": "属性　　：聖",
                                    "color": "white"
                                },
                                {
                                    "text": "====================",
                                    "color": "white"
                                },
                                {
                                    "text": "固有スキルでの継続的なリソースの確保と耐久の回復が可能なため、長期的な戦いを得意とするキャラクター",
                                    "color": "white"
                                },
                                {
                                    "text": "基本性能はバランスが良く苦手な盤面があまりないうえ、選択したスキルによって自身や武器を強化して戦うことで有利に戦闘を行うことができる",
                                    "color": "white"
                                }
                            ],
                            "mode": "append"
                        }
                    ]
                }
            ]
        }
    ]
}