{
  "model": {
    "type": "select",
    "property": "custom_model_data",
    "fallback": {
      "type": "empty"
    },
    "cases": [
      {
        "when": "default",
        "model": {
          "type": "model",
          "model": "cronica:item/character/brave/weapon/master_sword/default"
        }
      },
      {
        "when": "mode_beam",
        "model": {
          "type": "model",
          "model": "cronica:item/character/brave/weapon/master_sword/mode_beam"
        }
      },
      {
        "when": "charging_0",
        "model": {
          "type": "model",
          "model": "cronica:item/character/brave/weapon/master_sword/gauge/charging_0"
        }
      },
      {
        "when": "charging_1",
        "model": {
          "type": "model",
          "model": "cronica:item/character/brave/weapon/master_sword/gauge/charging_1"
        }
      },
      {
        "when": "charging_2",
        "model": {
          "type": "model",
          "model": "cronica:item/character/brave/weapon/master_sword/gauge/charging_2"
        }
      },
      {
        "when": "charging_3",
        "model": {
          "type": "model",
          "model": "cronica:item/character/brave/weapon/master_sword/gauge/charging_3"
        }
      },
      {
        "when": "charging_4",
        "model": {
          "type": "model",
          "model": "cronica:item/character/brave/weapon/master_sword/gauge/charging_4"
        }
      },
      {
        "when": "charging_5",
        "model": {
          "type": "model",
          "model": "cronica:item/character/brave/weapon/master_sword/gauge/charging_5"
        }
      },
      {
        "when": "charging_6",
        "model": {
          "type": "model",
          "model": "cronica:item/character/brave/weapon/master_sword/gauge/charging_6"
        }
      },
      {
        "when": "charging_7",
        "model": {
          "type": "model",
          "model": "cronica:item/character/brave/weapon/master_sword/gauge/charging_7"
        }
      },
      {
        "when": "charging_8",
        "model": {
          "type": "model",
          "model": "cronica:item/character/brave/weapon/master_sword/gauge/charging_8"
        }
      },
      {
        "when": "charging_9",
        "model": {
          "type": "model",
          "model": "cronica:item/character/brave/weapon/master_sword/gauge/charging_9"
        }
      },
      {
        "when": "charging_10",
        "model": {
          "type": "model",
          "model": "cronica:item/character/brave/weapon/master_sword/gauge/charging_10"
        }
      }
    ]
  }
}