[
  {
    "function": "minecraft:set_custom_model_data",
    "strings": {
      "values": ["default"],
      "mode": "insert"
    }
  },
  {
    "function": "minecraft:set_custom_data",
    "tag": {
      "ItemStatus": "ready",
      "ItemMode": "none",
      "Countable": true
    }
  },
  {
    "function": "minecraft:set_components",
    "components": {
      "minecraft:enchantment_glint_override": true,
      "minecraft:max_stack_size": 99
    }
  },
  {
    "function": "minecraft:set_item",
    "item": "minecraft:arrow"
  }
]
