[
  {
    "function": "minecraft:set_custom_model_data",
    "strings": {
      "values": ["used"],
      "mode": "insert"
    }
  },
  {
    "function": "minecraft:set_custom_data",
    "tag": {
      "ItemStatus": "used"
    }
  },
  {
    "function": "minecraft:set_components",
    "components": {
      "minecraft:enchantment_glint_override": false
    }
  },
  {
    "function": "minecraft:set_item",
    "item": "minecraft:stick"
  },
  {
    "function": "minecraft:set_count",
    "count": 1
  }
]
