{
  "pools": [
    {
      "rolls": 1,
      "entries": [
        {
          "type": "minecraft:item",
          "name": "minecraft:diamond_horse_armor",
          "functions": [
            {
              "function": "minecraft:set_lore",
              "lore": [
                {
                  "text": " "
                }
              ],
              "mode": "append"
            },
            {
              "function": "minecraft:set_lore",
              "lore": [
                {
                  "text": "⚠",
                  "color": "red",
                  "italic": false,
                  "extra": [
                    {
                      "text": "周囲のエンティティを消滅させる",
                      "color": "white",
                      "extra": [
                        {
                          "text": "⚠",
                          "color": "red"
                        }
                      ]
                    }
                  ]
                }
              ],
              "mode": "append"
            },
            {
              "function": "minecraft:set_lore",
              "lore": [
                {
                  "text": "⚠",
                  "color": "red",
                  "italic": false,
                  "extra": [
                    {
                      "text": "スニークしながら使うと、一番近いものだけを対象とする",
                      "color": "white",
                      "extra": [
                        {
                          "text": "⚠",
                          "color": "red"
                        }
                      ]
                    }
                  ]
                }
              ],
              "mode": "append"
            },
            {
              "function": "minecraft:set_components",
              "components": {
                "minecraft:enchantment_glint_override": true,
                "minecraft:max_stack_size": 1,
                "minecraft:custom_data": {
                  "ItemID": "DebugKill"
                },
                "minecraft:consumable": {
                  "consume_seconds": 2147483647,
                  "animation": "none"
                },
                "!minecraft:equippable": {},
                "minecraft:item_model": "minecraft:netherite_axe",
                "!minecraft:attribute_modifiers": {}
                
              },
              "conditions": []
            },
            {
              "function": "minecraft:set_name",
              "name": {
                "text": "範囲キル",
                "color": "#FF006C",
                "italic": false
              }
            }
          ]
        }
      ]
    }
  ]
}