{
  "pools": [
    {
      "rolls": 1,
      "entries": [
        {
          "type": "minecraft:item",
          "name": "minecraft:diamond_horse_armor",
          "functions": [
            {
              "function": "minecraft:set_lore",
              "lore": [
                {
                  "text": " "
                }
              ],
              "mode": "append"
            },
            {
              "function": "minecraft:set_lore",
              "lore": [
                {
                  "text": "サバイバルとクリエイティブを交互に切り替える",
                  "color": "white",
                  "italic": false
                }
              ],
              "mode": "append"
            },
            {
              "function": "minecraft:set_lore",
              "lore": [
                {
                  "text": "スニーク中の使用で、暗視エフェクトの切り替え",
                  "color": "white",
                  "italic": false
                }
              ],
              "mode": "append"
            },
            {
              "function": "minecraft:set_components",
              "components": {
                "minecraft:enchantment_glint_override": true,
                "minecraft:max_stack_size": 1,
                "minecraft:custom_data": {
                  "ItemID": "SwitchGamemode"
                },
                "minecraft:consumable": {
                  "consume_seconds": 2147483647,
                  "animation": "none"
                },
                "!minecraft:equippable": {},
                "minecraft:item_model": "minecraft:nether_star",
                "!minecraft:attribute_modifiers": {}
              }
            },
            {
              "function": "minecraft:set_name",
              "name": {
                "text": "ゲームモード切り替え / 暗視切り替え",
                "color": "#FF006C",
                "italic": false
              }
            }
          ]
        }
      ]
    }
  ]
}