{
  "pools": [
    {
      "rolls": 1,
      "entries": [
        {
          "type": "minecraft:item",
          "name": "minecraft:diamond_horse_armor",
          "functions": [
            {
              "function": "minecraft:set_lore",
              "lore": [
                {
                  "text": " "
                }
              ],
              "mode": "append"
            },
            {
              "function": "minecraft:set_lore",
              "lore": [
                {
                  "text": "カーソルを合わせた地点にテレポートする",
                  "color": "white",
                  "italic": false
                }
              ],
              "mode": "append"
            },
            {
              "function": "minecraft:set_lore",
              "lore": [
                {
                  "text": "スニーク中の使用で、前の地形を通り抜けた先の空間に移動する",
                  "color": "white",
                  "italic": false
                }
              ],
              "mode": "append"
            },
            {
              "function": "minecraft:set_components",
              "components": {
                "minecraft:enchantment_glint_override": true,
                "minecraft:max_stack_size": 1,
                "minecraft:custom_data": {
                  "ItemID": "Teleport"
                },
                "minecraft:consumable": {
                  "consume_seconds": 2147483647,
                  "animation": "none"
                },
                "!minecraft:equippable": {},
                "minecraft:item_model": "minecraft:ender_pearl",
                "!minecraft:attribute_modifiers": {}
              }
            },
            {
              "function": "minecraft:set_name",
              "name": {
                "text": "テレポート",
                "color": "#FF006C",
                "italic": false
              }
            }
          ]
        }
      ]
    }
  ]
}