{"stats":{"minecraft:custom":{"minecraft:open_barrel":1,"minecraft:time_since_rest":68097,"minecraft:play_time":68097,"minecraft:crouch_one_cm":680,"minecraft:sprint_one_cm":45374,"minecraft:open_shulker_box":2,"minecraft:walk_one_cm":31385,"minecraft:sneak_time":3670,"minecraft:walk_under_water_one_cm":4266,"minecraft:jump":496,"minecraft:leave_game":1,"minecraft:time_since_death":68097,"minecraft:walk_on_water_one_cm":206,"minecraft:total_world_time":68097,"minecraft:fall_one_cm":2077,"minecraft:fly_one_cm":1081234},"minecraft:used":{"minecraft:smooth_basalt":82,"minecraft:mud":24,"minecraft:glass":3,"minecraft:purpur_block":1,"minecraft:white_wool":15,"minecraft:magma_block":7,"minecraft:soul_soil":9,"minecraft:red_wool":6,"minecraft:muddy_mangrove_roots":6,"minecraft:light_blue_wool":219,"minecraft:white_stained_glass":22,"minecraft:orange_shulker_box":1,"minecraft:blackstone":9,"minecraft:lime_shulker_box":16,"minecraft:sandstone":4,"minecraft:lingering_potion":19,"minecraft:cobbled_deepslate":11,"minecraft:orange_terracotta":2187,"minecraft:blue_concrete":2,"minecraft:brown_concrete_powder":149,"minecraft:black_terracotta":5}},"DataVersion":3105}