{"stats":{"minecraft:crafted":{"minecraft:wooden_sword":7,"minecraft:arrow":190,"minecraft:bow":4,"minecraft:snowball":9,"minecraft:splash_potion":36,"minecraft:shield":7,"minecraft:trident":41,"minecraft:air":0},"minecraft:killed_by":{"minecraft:player":239},"minecraft:picked_up":{"minecraft:carrot_on_a_stick":1},"minecraft:custom":{"minecraft:time_since_rest":2454,"minecraft:open_chest":1,"minecraft:open_shulker_box":2,"minecraft:play_time":1131223,"minecraft:crouch_one_cm":13611,"minecraft:deaths":244,"minecraft:sprint_one_cm":7214103,"minecraft:open_enderchest":2,"minecraft:damage_taken":62671,"minecraft:walk_one_cm":2232247,"minecraft:bell_ring":2,"minecraft:sneak_time":19988,"minecraft:trigger_trapped_chest":1,"minecraft:walk_under_water_one_cm":32742,"minecraft:aviate_one_cm":70890,"minecraft:jump":12973,"minecraft:damage_dealt":22869,"minecraft:leave_game":21,"minecraft:time_since_death":2453,"minecraft:walk_on_water_one_cm":18591,"minecraft:traded_with_villager":119,"minecraft:total_world_time":1131223,"minecraft:damage_resisted":5451,"minecraft:fall_one_cm":4508204,"minecraft:swim_one_cm":23637,"minecraft:talked_to_villager":90,"minecraft:tune_noteblock":2,"minecraft:fly_one_cm":7093757,"minecraft:player_kills":221},"minecraft:used":{"minecraft:trident":608,"minecraft:wooden_sword":16,"minecraft:bow":939,"minecraft:warped_fungus_on_a_stick":1265,"minecraft:iron_block":5,"minecraft:carrot_on_a_stick":48,"minecraft:elytra":17,"minecraft:snowball":44,"minecraft:splash_potion":33}},"DataVersion":3337}