{"stats":{"minecraft:custom":{"minecraft:open_chest":1,"minecraft:time_since_rest":3667,"minecraft:crouch_one_cm":17817,"minecraft:deaths":86,"minecraft:sprint_one_cm":1532121,"minecraft:play_time":176974,"minecraft:open_enderchest":1,"minecraft:damage_taken":22236,"minecraft:walk_one_cm":577581,"minecraft:damage_blocked_by_shield":2254,"minecraft:sneak_time":10433,"minecraft:walk_under_water_one_cm":14440,"minecraft:aviate_one_cm":7223,"minecraft:jump":2304,"minecraft:damage_dealt":4052,"minecraft:leave_game":2,"minecraft:walk_on_water_one_cm":8868,"minecraft:time_since_death":3666,"minecraft:traded_with_villager":42,"minecraft:total_world_time":176974,"minecraft:damage_resisted":1055,"minecraft:fly_one_cm":1160282,"minecraft:swim_one_cm":7604,"minecraft:talked_to_villager":39,"minecraft:fall_one_cm":703489,"minecraft:target_hit":1,"minecraft:player_kills":34},"minecraft:picked_up":{"minecraft:splash_potion":1,"minecraft:warped_fungus_on_a_stick":1,"minecraft:carrot_on_a_stick":1},"minecraft:crafted":{"minecraft:wooden_sword":5,"minecraft:arrow":20,"minecraft:bow":2,"minecraft:splash_potion":31,"minecraft:air":0,"minecraft:trident":2},"minecraft:used":{"minecraft:trident":53,"minecraft:wooden_sword":18,"minecraft:bow":58,"minecraft:warped_fungus_on_a_stick":476,"minecraft:carrot_on_a_stick":136,"minecraft:elytra":5,"minecraft:crossbow":186,"minecraft:shield":42,"minecraft:splash_potion":31,"minecraft:snowball":13},"minecraft:killed_by":{"minecraft:player":85}},"DataVersion":3337}