{"stats":{"minecraft:picked_up":{"minecraft:warped_fungus_on_a_stick":1},"minecraft:killed_by":{"minecraft:player":5},"minecraft:crafted":{"minecraft:arrow":5,"minecraft:bow":1,"minecraft:splash_potion":1},"minecraft:dropped":{"minecraft:warped_fungus_on_a_stick":1},"minecraft:custom":{"minecraft:time_since_rest":3993,"minecraft:crouch_one_cm":8175,"minecraft:walk_one_cm":114337,"minecraft:play_time":44344,"minecraft:sprint_one_cm":140609,"minecraft:open_enderchest":1,"minecraft:damage_taken":1637,"minecraft:deaths":5,"minecraft:sneak_time":2877,"minecraft:bell_ring":42,"minecraft:trigger_trapped_chest":1,"minecraft:walk_under_water_one_cm":525,"minecraft:drop":1,"minecraft:jump":826,"minecraft:damage_dealt":469,"minecraft:leave_game":1,"minecraft:walk_on_water_one_cm":932,"minecraft:time_since_death":3992,"minecraft:traded_with_villager":3,"minecraft:total_world_time":44344,"minecraft:damage_resisted":768,"minecraft:talked_to_villager":10,"minecraft:fall_one_cm":163932,"minecraft:fly_one_cm":325943,"minecraft:player_kills":1},"minecraft:used":{"minecraft:bow":10,"minecraft:warped_fungus_on_a_stick":194,"minecraft:carrot_on_a_stick":2,"minecraft:splash_potion":1}},"DataVersion":3337}