{"stats":{"minecraft:killed_by":{"minecraft:player":69},"minecraft:crafted":{"minecraft:wooden_sword":2,"minecraft:splash_potion":22,"minecraft:air":0},"minecraft:custom":{"minecraft:open_chest":1,"minecraft:time_since_rest":108,"minecraft:crouch_one_cm":13908,"minecraft:walk_one_cm":169454,"minecraft:play_time":137150,"minecraft:sprint_one_cm":1162207,"minecraft:damage_taken":17487,"minecraft:deaths":70,"minecraft:sneak_time":10843,"minecraft:walk_under_water_one_cm":9818,"minecraft:jump":2890,"minecraft:damage_dealt":9752,"minecraft:leave_game":1,"minecraft:walk_on_water_one_cm":10075,"minecraft:time_since_death":107,"minecraft:traded_with_villager":24,"minecraft:total_world_time":137150,"minecraft:damage_resisted":1632,"minecraft:swim_one_cm":2029,"minecraft:talked_to_villager":18,"minecraft:fall_one_cm":788948,"minecraft:fly_one_cm":2257622,"minecraft:player_kills":56},"minecraft:used":{"minecraft:trident":54,"minecraft:wooden_sword":5,"minecraft:bow":219,"minecraft:warped_fungus_on_a_stick":467,"minecraft:carrot_on_a_stick":24,"minecraft:crossbow":30,"minecraft:splash_potion":22}},"DataVersion":3337}