{"stats":{"minecraft:killed_by":{"minecraft:player":83},"minecraft:crafted":{"minecraft:wooden_sword":1,"minecraft:crossbow":1,"minecraft:arrow":20,"minecraft:bow":1,"minecraft:shield":4,"minecraft:snowball":6,"minecraft:splash_potion":29,"minecraft:trident":1,"minecraft:air":0},"minecraft:dropped":{"minecraft:carrot_on_a_stick":4},"minecraft:custom":{"minecraft:time_since_rest":2396,"minecraft:open_enderchest":2,"minecraft:sprint_one_cm":1381157,"minecraft:damage_taken":84483,"minecraft:walk_one_cm":619476,"minecraft:drop":4,"minecraft:damage_dealt":2772,"minecraft:traded_with_villager":43,"minecraft:tune_noteblock":3,"minecraft:swim_one_cm":102038,"minecraft:talked_to_villager":27,"minecraft:fly_one_cm":2309968,"minecraft:player_kills":63,"minecraft:open_chest":2,"minecraft:crouch_one_cm":29059,"minecraft:play_time":383621,"minecraft:deaths":89,"minecraft:sneak_time":18028,"minecraft:walk_under_water_one_cm":98742,"minecraft:aviate_one_cm":43730,"minecraft:jump":3337,"minecraft:leave_game":5,"minecraft:walk_on_water_one_cm":35141,"minecraft:time_since_death":2395,"minecraft:total_world_time":383621,"minecraft:damage_resisted":3724678,"minecraft:fall_one_cm":1711240,"minecraft:inspect_dispenser":8},"minecraft:used":{"minecraft:glass":4,"minecraft:trident":313,"minecraft:lever":3,"minecraft:warped_fungus_on_a_stick":1047,"minecraft:grass_block":2,"minecraft:dispenser":1,"minecraft:redstone":1,"minecraft:carrot_on_a_stick":352,"minecraft:oak_sign":3,"minecraft:elytra":1,"minecraft:sandstone":4,"minecraft:totem_of_undying":1,"minecraft:player_head":3,"minecraft:structure_block":1,"minecraft:wooden_sword":124,"minecraft:repeater":3,"minecraft:bow":72,"minecraft:chain_command_block":17,"minecraft:crossbow":4,"minecraft:repeating_command_block":10,"minecraft:splash_potion":28}},"DataVersion":3337}