{"stats":{"minecraft:killed_by":{"minecraft:player":8},"minecraft:crafted":{"minecraft:splash_potion":1,"minecraft:trident":1},"minecraft:custom":{"minecraft:time_since_rest":2412,"minecraft:crouch_one_cm":857,"minecraft:walk_one_cm":169990,"minecraft:play_time":45887,"minecraft:sprint_one_cm":556761,"minecraft:damage_taken":2120,"minecraft:deaths":8,"minecraft:sneak_time":1211,"minecraft:walk_under_water_one_cm":1264,"minecraft:jump":486,"minecraft:leave_game":1,"minecraft:walk_on_water_one_cm":305,"minecraft:time_since_death":2411,"minecraft:traded_with_villager":2,"minecraft:total_world_time":45887,"minecraft:talked_to_villager":9,"minecraft:fall_one_cm":216240,"minecraft:fly_one_cm":233208,"minecraft:player_kills":4},"minecraft:used":{"minecraft:trident":1,"minecraft:warped_fungus_on_a_stick":3,"minecraft:carrot_on_a_stick":4,"minecraft:crossbow":64,"minecraft:splash_potion":1}},"DataVersion":3337}