{"stats":{"minecraft:custom":{"minecraft:jump":234,"minecraft:walk_on_water_one_cm":53,"minecraft:time_since_rest":10991,"minecraft:damage_dealt":434,"minecraft:crouch_one_cm":99,"minecraft:deaths":2,"minecraft:sprint_one_cm":138435,"minecraft:play_time":41595,"minecraft:damage_taken":596,"minecraft:time_since_death":10990,"minecraft:walk_one_cm":228407,"minecraft:sneak_time":187,"minecraft:traded_with_villager":1,"minecraft:total_world_time":41595,"minecraft:walk_under_water_one_cm":1108,"minecraft:talked_to_villager":3,"minecraft:fall_one_cm":28405,"minecraft:fly_one_cm":57395,"minecraft:leave_game":1},"minecraft:killed_by":{"minecraft:player":2},"minecraft:crafted":{"minecraft:splash_potion":1},"minecraft:used":{"minecraft:carrot_on_a_stick":3,"minecraft:warped_fungus_on_a_stick":26}},"DataVersion":3337}