{"stats":{"minecraft:dropped":{"minecraft:sponge":1,"minecraft:warped_fungus_on_a_stick":1,"minecraft:carrot_on_a_stick":1,"minecraft:splash_potion":1},"minecraft:killed_by":{"minecraft:player":128},"minecraft:crafted":{"minecraft:snowball":3,"minecraft:splash_potion":210,"minecraft:air":0},"minecraft:killed":{"minecraft:skeleton":2},"minecraft:custom":{"minecraft:time_since_rest":22406,"minecraft:walk_one_cm":1544559,"minecraft:damage_taken":46339,"minecraft:open_enderchest":7,"minecraft:sprint_one_cm":6187759,"minecraft:trigger_trapped_chest":1,"minecraft:mob_kills":2,"minecraft:drop":4,"minecraft:damage_dealt":21336,"minecraft:traded_with_villager":211,"minecraft:swim_one_cm":13282,"minecraft:talked_to_villager":76,"minecraft:fly_one_cm":5505455,"minecraft:target_hit":14,"minecraft:player_kills":105,"minecraft:open_barrel":11,"minecraft:crouch_one_cm":28761,"minecraft:play_time":1171052,"minecraft:deaths":129,"minecraft:sneak_time":44141,"minecraft:walk_under_water_one_cm":58334,"minecraft:aviate_one_cm":423,"minecraft:jump":6867,"minecraft:leave_game":22,"minecraft:walk_on_water_one_cm":242183,"minecraft:time_since_death":22405,"minecraft:total_world_time":1171052,"minecraft:climb_one_cm":4902,"minecraft:damage_resisted":1431,"minecraft:fall_one_cm":1707394,"minecraft:inspect_dispenser":1},"minecraft:picked_up":{"minecraft:splash_potion":1},"minecraft:used":{"minecraft:trident":7,"minecraft:dark_prismarine":12,"minecraft:glass":1566,"minecraft:water_bucket":3,"minecraft:green_concrete":4,"minecraft:honey_block":2,"minecraft:black_concrete":85,"minecraft:warped_fungus_on_a_stick":175,"minecraft:ladder":17,"minecraft:elytra":1,"minecraft:lantern":4,"minecraft:map":1,"minecraft:oak_button":1,"minecraft:prismarine":147,"minecraft:carrot_on_a_stick":134,"minecraft:lime_wool":7,"minecraft:green_wool":2,"minecraft:lime_concrete_powder":9,"minecraft:magenta_concrete_powder":10,"minecraft:dried_kelp_block":2,"minecraft:green_terracotta":2,"minecraft:bedrock":6,"minecraft:green_shulker_box":1,"minecraft:terracotta":171,"minecraft:lime_concrete":14,"minecraft:bow":337,"minecraft:magenta_wool":10,"minecraft:emerald_block":8,"minecraft:white_stained_glass":22,"minecraft:white_concrete":43,"minecraft:warped_door":8,"minecraft:sponge":2075,"minecraft:lime_shulker_box":1,"minecraft:lingering_potion":198,"minecraft:warped_pressure_plate":16,"minecraft:splash_potion":201}},"DataVersion":3120}