{"stats":{"minecraft:picked_up":{"minecraft:warped_fungus_on_a_stick":3,"minecraft:diamond_sword":2,"minecraft:carrot_on_a_stick":1,"minecraft:wooden_sword":1,"minecraft:armor_stand":1,"minecraft:arrow":1,"minecraft:lever":1,"minecraft:crossbow":2},"minecraft:killed_by":{"minecraft:player":466},"minecraft:crafted":{"minecraft:wooden_sword":19,"minecraft:arrow":320,"minecraft:snowball":10,"minecraft:air":0,"minecraft:bow":2,"minecraft:shield":2,"minecraft:warped_fungus_on_a_stick":1,"minecraft:splash_potion":257,"minecraft:trident":3},"minecraft:dropped":{"minecraft:crossbow":3,"minecraft:warped_fungus_on_a_stick":3,"minecraft:carrot_on_a_stick":2,"minecraft:stick":1,"minecraft:diamond_sword":2,"minecraft:wooden_sword":3,"minecraft:arrow":5,"minecraft:bow":2},"minecraft:custom":{"minecraft:inspect_dropper":1,"minecraft:traded_with_villager":320,"minecraft:open_barrel":22,"minecraft:bell_ring":82,"minecraft:leave_game":41,"minecraft:time_since_death":507,"minecraft:climb_one_cm":638,"minecraft:damage_resisted":22255,"minecraft:time_since_rest":509,"minecraft:open_enderchest":25,"minecraft:sprint_one_cm":12147919,"minecraft:damage_taken":129701,"minecraft:walk_one_cm":7744979,"minecraft:damage_blocked_by_shield":5851,"minecraft:trigger_trapped_chest":4,"minecraft:drop":21,"minecraft:damage_dealt":18852,"minecraft:minecart_one_cm":32639,"minecraft:swim_one_cm":38559,"minecraft:talked_to_villager":231,"minecraft:fly_one_cm":14267388,"minecraft:target_hit":32,"minecraft:player_kills":380,"minecraft:open_chest":11,"minecraft:crouch_one_cm":165055,"minecraft:play_time":2980569,"minecraft:deaths":471,"minecraft:sneak_time":153967,"minecraft:walk_under_water_one_cm":58270,"minecraft:aviate_one_cm":79685,"minecraft:jump":34221,"minecraft:walk_on_water_one_cm":27805,"minecraft:total_world_time":2980569,"minecraft:fall_one_cm":5627722,"minecraft:inspect_dispenser":2},"minecraft:used":{"minecraft:diorite_stairs":83,"minecraft:calcite":288,"minecraft:trident":166,"minecraft:water_bucket":77,"minecraft:diorite":55,"minecraft:warped_fungus_on_a_stick":1885,"minecraft:armor_stand":12,"minecraft:carrot_on_a_stick":573,"minecraft:elytra":56,"minecraft:oak_planks":5,"minecraft:white_concrete_powder":28,"minecraft:shield":106,"minecraft:sandstone":3,"minecraft:stone":308,"minecraft:quartz_stairs":2,"minecraft:oak_leaves":295,"minecraft:debug_stick":8,"minecraft:dirt":89,"minecraft:crossbow":3655,"minecraft:lingering_potion":331,"minecraft:snowball":135,"minecraft:polished_diorite":306,"minecraft:glass":531,"minecraft:lever":5,"minecraft:lava_bucket":3,"minecraft:apple":1,"minecraft:command_block":5,"minecraft:iron_block":1123,"minecraft:grass_block":24,"minecraft:barrier":50,"minecraft:stone_button":3,"minecraft:stone_slab":143,"minecraft:gray_concrete_powder":43,"minecraft:smooth_quartz":6,"minecraft:iron_door":1,"minecraft:diorite_wall":1738,"minecraft:barrel":8,"minecraft:stone_bricks":79,"minecraft:wooden_sword":214,"minecraft:bow":974,"minecraft:andesite":1,"minecraft:bucket":1,"minecraft:chain_command_block":18,"minecraft:polished_diorite_stairs":95,"minecraft:repeating_command_block":15,"minecraft:dragon_head":1,"minecraft:smooth_stone":7,"minecraft:splash_potion":240,"minecraft:diorite_slab":849}},"DataVersion":3337}