{"stats":{"minecraft:picked_up":{"minecraft:carrot_on_a_stick":2},"minecraft:crafted":{"minecraft:splash_potion":1,"minecraft:shield":2},"minecraft:dropped":{"minecraft:carrot_on_a_stick":2},"minecraft:used":{"minecraft:warped_fungus_on_a_stick":143,"minecraft:carrot_on_a_stick":31},"minecraft:killed_by":{"minecraft:player":7},"minecraft:custom":{"minecraft:time_since_rest":37680,"minecraft:crouch_one_cm":740,"minecraft:play_time":84944,"minecraft:sprint_one_cm":293446,"minecraft:walk_one_cm":437125,"minecraft:damage_taken":1898,"minecraft:deaths":7,"minecraft:sneak_time":1656,"minecraft:bell_ring":3,"minecraft:walk_under_water_one_cm":4059,"minecraft:drop":2,"minecraft:jump":390,"minecraft:damage_dealt":997,"minecraft:leave_game":2,"minecraft:time_since_death":37679,"minecraft:walk_on_water_one_cm":5204,"minecraft:traded_with_villager":3,"minecraft:total_world_time":84944,"minecraft:swim_one_cm":5045,"minecraft:talked_to_villager":9,"minecraft:fall_one_cm":88394,"minecraft:fly_one_cm":131950,"minecraft:player_kills":4}},"DataVersion":3337}