{"stats":{"minecraft:custom":{"minecraft:time_since_rest":13870,"minecraft:crouch_one_cm":17732,"minecraft:sprint_one_cm":1315672,"minecraft:play_time":206091,"minecraft:damage_taken":5526,"minecraft:deaths":11,"minecraft:walk_one_cm":974381,"minecraft:bell_ring":4,"minecraft:sneak_time":9853,"minecraft:trigger_trapped_chest":2,"minecraft:walk_under_water_one_cm":6545,"minecraft:drop":16,"minecraft:jump":1511,"minecraft:damage_dealt":4104,"minecraft:leave_game":2,"minecraft:time_since_death":13869,"minecraft:walk_on_water_one_cm":5537,"minecraft:traded_with_villager":48,"minecraft:total_world_time":206091,"minecraft:damage_resisted":256,"minecraft:talked_to_villager":37,"minecraft:fall_one_cm":403206,"minecraft:fly_one_cm":920144,"minecraft:player_kills":25},"minecraft:killed_by":{"minecraft:player":10},"minecraft:dropped":{"minecraft:warped_fungus_on_a_stick":16},"minecraft:crafted":{"minecraft:wooden_sword":1,"minecraft:snowball":4,"minecraft:splash_potion":45,"minecraft:air":0},"minecraft:used":{"minecraft:trident":4,"minecraft:warped_fungus_on_a_stick":318,"minecraft:carrot_on_a_stick":34,"minecraft:crossbow":85,"minecraft:splash_potion":42},"minecraft:picked_up":{"minecraft:warped_fungus_on_a_stick":15,"minecraft:carrot_on_a_stick":1}},"DataVersion":3337}