{"stats":{"minecraft:picked_up":{"minecraft:warped_fungus_on_a_stick":6,"minecraft:carrot_on_a_stick":6},"minecraft:crafted":{"minecraft:crossbow":2,"minecraft:arrow":10,"minecraft:snowball":22,"minecraft:splash_potion":8},"minecraft:dropped":{"minecraft:carrot_on_a_stick":6,"minecraft:warped_fungus_on_a_stick":6},"minecraft:used":{"minecraft:warped_fungus_on_a_stick":257,"minecraft:carrot_on_a_stick":74,"minecraft:elytra":4,"minecraft:crossbow":5,"minecraft:splash_potion":3},"minecraft:killed_by":{"minecraft:player":23},"minecraft:custom":{"minecraft:time_since_rest":38813,"minecraft:crouch_one_cm":88,"minecraft:play_time":201699,"minecraft:sprint_one_cm":317842,"minecraft:damage_taken":6527,"minecraft:deaths":24,"minecraft:walk_one_cm":1203130,"minecraft:sneak_time":1013,"minecraft:trigger_trapped_chest":3,"minecraft:walk_under_water_one_cm":15243,"minecraft:drop":12,"minecraft:aviate_one_cm":1589,"minecraft:jump":1050,"minecraft:damage_dealt":3637,"minecraft:leave_game":5,"minecraft:time_since_death":38812,"minecraft:walk_on_water_one_cm":3101,"minecraft:traded_with_villager":19,"minecraft:total_world_time":201699,"minecraft:swim_one_cm":72,"minecraft:talked_to_villager":23,"minecraft:fall_one_cm":146874,"minecraft:fly_one_cm":167218,"minecraft:player_kills":10}},"DataVersion":3337}