{"stats":{"minecraft:picked_up":{"minecraft:warped_fungus_on_a_stick":5,"minecraft:diamond":2403,"minecraft:carrot_on_a_stick":242},"minecraft:killed_by":{"minecraft:player":68},"minecraft:crafted":{"minecraft:wooden_sword":1,"minecraft:splash_potion":121,"minecraft:shield":2,"minecraft:air":0},"minecraft:dropped":{"minecraft:diamond":2512,"minecraft:carrot_on_a_stick":245,"minecraft:warped_fungus_on_a_stick":8},"minecraft:custom":{"minecraft:open_chest":4,"minecraft:time_since_rest":18500,"minecraft:crouch_one_cm":14602,"minecraft:play_time":313559,"minecraft:sprint_one_cm":3181610,"minecraft:walk_one_cm":699581,"minecraft:damage_taken":21459,"minecraft:deaths":71,"minecraft:sneak_time":15194,"minecraft:damage_blocked_by_shield":6503,"minecraft:trigger_trapped_chest":1,"minecraft:walk_under_water_one_cm":19401,"minecraft:drop":2765,"minecraft:aviate_one_cm":27346,"minecraft:jump":6397,"minecraft:damage_dealt":24577,"minecraft:leave_game":4,"minecraft:time_since_death":18499,"minecraft:walk_on_water_one_cm":9885,"minecraft:traded_with_villager":124,"minecraft:total_world_time":313559,"minecraft:damage_resisted":6506,"minecraft:swim_one_cm":20335,"minecraft:talked_to_villager":40,"minecraft:fall_one_cm":1722498,"minecraft:fly_one_cm":3295060,"minecraft:player_kills":119},"minecraft:used":{"minecraft:glass":3,"minecraft:trident":5,"minecraft:wooden_sword":3,"minecraft:bow":8,"minecraft:warped_fungus_on_a_stick":609,"minecraft:elytra":10,"minecraft:carrot_on_a_stick":2601,"minecraft:crossbow":79,"minecraft:shield":70,"minecraft:splash_potion":101}},"DataVersion":3337}