{"stats":{"minecraft:crafted":{"minecraft:splash_potion":1},"minecraft:custom":{"minecraft:time_since_rest":6487,"minecraft:crouch_one_cm":384,"minecraft:walk_one_cm":195825,"minecraft:sprint_one_cm":289322,"minecraft:play_time":42930,"minecraft:open_enderchest":1,"minecraft:damage_taken":1271,"minecraft:deaths":4,"minecraft:sneak_time":290,"minecraft:trigger_trapped_chest":1,"minecraft:jump":374,"minecraft:damage_dealt":2623,"minecraft:leave_game":9,"minecraft:walk_on_water_one_cm":11,"minecraft:time_since_death":6486,"minecraft:traded_with_villager":1,"minecraft:total_world_time":42930,"minecraft:talked_to_villager":2,"minecraft:fall_one_cm":88308,"minecraft:fly_one_cm":160048,"minecraft:player_kills":9},"minecraft:used":{"minecraft:warped_fungus_on_a_stick":79,"minecraft:carrot_on_a_stick":9},"minecraft:killed_by":{"minecraft:player":4}},"DataVersion":3120}