{"stats":{"minecraft:killed_by":{"minecraft:player":23},"minecraft:used":{"minecraft:trident":1,"minecraft:warped_fungus_on_a_stick":304,"minecraft:crossbow":3,"minecraft:carrot_on_a_stick":95,"minecraft:elytra":1,"minecraft:shield":24,"minecraft:snowball":1,"minecraft:splash_potion":4},"minecraft:custom":{"minecraft:time_since_rest":2111,"minecraft:crouch_one_cm":5794,"minecraft:play_time":62239,"minecraft:sprint_one_cm":323607,"minecraft:walk_one_cm":87202,"minecraft:damage_taken":6434,"minecraft:deaths":23,"minecraft:damage_blocked_by_shield":1719,"minecraft:sneak_time":3321,"minecraft:walk_under_water_one_cm":8753,"minecraft:aviate_one_cm":1672,"minecraft:jump":1539,"minecraft:damage_dealt":1762,"minecraft:leave_game":1,"minecraft:time_since_death":2110,"minecraft:walk_on_water_one_cm":1574,"minecraft:traded_with_villager":11,"minecraft:total_world_time":62239,"minecraft:damage_resisted":30,"minecraft:swim_one_cm":1330,"minecraft:talked_to_villager":10,"minecraft:fall_one_cm":294779,"minecraft:fly_one_cm":676113,"minecraft:player_kills":7},"minecraft:crafted":{"minecraft:wooden_sword":1,"minecraft:arrow":20,"minecraft:bow":1,"minecraft:splash_potion":5,"minecraft:shield":2}},"DataVersion":3337}