{"stats":{"minecraft:custom":{"minecraft:time_since_rest":81868,"minecraft:damage_taken":9784,"minecraft:crouch_one_cm":5543,"minecraft:play_time":346348,"minecraft:sprint_one_cm":100084,"minecraft:open_enderchest":4,"minecraft:deaths":37,"minecraft:walk_one_cm":2397429,"minecraft:sneak_time":6266,"minecraft:trigger_trapped_chest":2,"minecraft:walk_under_water_one_cm":14012,"minecraft:drop":3,"minecraft:aviate_one_cm":2778,"minecraft:jump":1731,"minecraft:damage_dealt":566,"minecraft:leave_game":4,"minecraft:time_since_death":81867,"minecraft:walk_on_water_one_cm":9315,"minecraft:traded_with_villager":44,"minecraft:total_world_time":346348,"minecraft:damage_resisted":212,"minecraft:talked_to_villager":47,"minecraft:fall_one_cm":466042,"minecraft:fly_one_cm":1085306,"minecraft:player_kills":20},"minecraft:killed_by":{"minecraft:player":36},"minecraft:dropped":{"minecraft:bow":2,"minecraft:carrot_on_a_stick":1},"minecraft:crafted":{"minecraft:wooden_sword":3,"minecraft:crossbow":1,"minecraft:arrow":260,"minecraft:splash_potion":7,"minecraft:shield":5,"minecraft:trident":2},"minecraft:used":{"minecraft:trident":4,"minecraft:wooden_sword":9,"minecraft:warped_fungus_on_a_stick":206,"minecraft:bow":480,"minecraft:elytra":8,"minecraft:crossbow":2,"minecraft:splash_potion":6},"minecraft:picked_up":{"minecraft:bow":2,"minecraft:carrot_on_a_stick":1}},"DataVersion":3337}