{"stats":{"minecraft:picked_up":{"minecraft:warped_fungus_on_a_stick":6,"minecraft:carrot_on_a_stick":2,"minecraft:diamond":5592},"minecraft:killed_by":{"minecraft:player":45},"minecraft:crafted":{"minecraft:wooden_sword":2,"minecraft:crossbow":1,"minecraft:splash_potion":30,"minecraft:air":0},"minecraft:dropped":{"minecraft:diamond":5633,"minecraft:warped_fungus_on_a_stick":6,"minecraft:carrot_on_a_stick":2},"minecraft:custom":{"minecraft:time_since_rest":1635,"minecraft:open_enderchest":4,"minecraft:sprint_one_cm":1269835,"minecraft:damage_taken":14278,"minecraft:walk_one_cm":366361,"minecraft:damage_blocked_by_shield":1339,"minecraft:drop":669,"minecraft:damage_dealt":3690,"minecraft:traded_with_villager":33,"minecraft:swim_one_cm":1634,"minecraft:talked_to_villager":27,"minecraft:fly_one_cm":1487278,"minecraft:player_kills":24,"minecraft:open_barrel":1,"minecraft:open_chest":7,"minecraft:crouch_one_cm":13033,"minecraft:play_time":197444,"minecraft:deaths":50,"minecraft:sneak_time":8774,"minecraft:walk_under_water_one_cm":16064,"minecraft:aviate_one_cm":4439,"minecraft:jump":2732,"minecraft:leave_game":1,"minecraft:time_since_death":1634,"minecraft:walk_on_water_one_cm":5603,"minecraft:total_world_time":197444,"minecraft:climb_one_cm":164,"minecraft:damage_resisted":5348,"minecraft:fall_one_cm":494080},"minecraft:used":{"minecraft:trident":23,"minecraft:warped_fungus_on_a_stick":435,"minecraft:carrot_on_a_stick":1005,"minecraft:elytra":3,"minecraft:shield":23,"minecraft:bow":18,"minecraft:chain_command_block":2,"minecraft:crossbow":23,"minecraft:snowball":4,"minecraft:splash_potion":20}},"DataVersion":3337}