{"stats":{"minecraft:custom":{"minecraft:mob_kills":2,"minecraft:interact_with_anvil":1,"minecraft:open_barrel":69,"minecraft:open_shulker_box":7,"minecraft:bell_ring":9,"minecraft:leave_game":24,"minecraft:time_since_death":3584,"minecraft:climb_one_cm":3307,"minecraft:damage_resisted":8100,"minecraft:damage_blocked_by_shield":200,"minecraft:sprint_one_cm":12197397,"minecraft:walk_one_cm":4774286,"minecraft:drop":67,"minecraft:talked_to_villager":133,"minecraft:target_hit":2,"minecraft:play_time":2467947,"minecraft:deaths":358,"minecraft:sneak_time":93265,"minecraft:walk_under_water_one_cm":62796,"minecraft:jump":22857,"minecraft:walk_on_water_one_cm":18023,"minecraft:total_world_time":2467947,"minecraft:traded_with_villager":234,"minecraft:tune_noteblock":1,"minecraft:pot_flower":13,"minecraft:time_since_rest":3586,"minecraft:open_enderchest":2,"minecraft:damage_taken":108732,"minecraft:trigger_trapped_chest":2,"minecraft:damage_dealt":79923,"minecraft:interact_with_beacon":3,"minecraft:swim_one_cm":33111,"minecraft:fly_one_cm":16559364,"minecraft:player_kills":474,"minecraft:open_chest":20,"minecraft:crouch_one_cm":77620,"minecraft:aviate_one_cm":44696,"minecraft:fall_one_cm":6383380},"minecraft:picked_up":{"minecraft:warped_fungus_on_a_stick":3,"minecraft:carrot_on_a_stick":1,"minecraft:crossbow":1},"minecraft:crafted":{"minecraft:wooden_sword":1,"minecraft:bow":2,"minecraft:splash_potion":197,"minecraft:crossbow":2,"minecraft:arrow":140,"minecraft:snowball":12,"minecraft:air":0,"minecraft:trident":10},"minecraft:used":{"minecraft:oak_fence":27,"minecraft:diorite_stairs":9,"minecraft:azalea":1,"minecraft:peony":8,"minecraft:moss_block":37,"minecraft:moss_carpet":36,"minecraft:light_blue_stained_glass_pane":3,"minecraft:trident":56,"minecraft:polished_blackstone_brick_slab":10,"minecraft:rose_bush":20,"minecraft:iron_bars":3,"minecraft:polished_deepslate":1,"minecraft:flint_and_steel":12,"minecraft:armor_stand":1,"minecraft:polished_blackstone":45,"minecraft:spruce_slab":10,"minecraft:redstone":18,"minecraft:carrot_on_a_stick":266,"minecraft:dead_brain_coral":13,"minecraft:elytra":6,"minecraft:polished_basalt":42,"minecraft:spruce_planks":98,"minecraft:green_banner":4,"minecraft:chest":5,"minecraft:shield":1,"minecraft:tinted_glass":1,"minecraft:stone":153,"minecraft:sculk":320,"minecraft:quartz_stairs":12,"minecraft:mangrove_fence":4,"minecraft:grass":36,"minecraft:cooked_chicken":1,"minecraft:sculk_sensor":1,"minecraft:spruce_leaves":606,"minecraft:debug_stick":254,"minecraft:anvil":40,"minecraft:lily_of_the_valley":6,"minecraft:blue_stained_glass":114,"minecraft:brick_slab":1,"minecraft:spruce_stairs":196,"minecraft:jungle_planks":16,"minecraft:twisting_vines":28,"minecraft:stone_stairs":12,"minecraft:cobblestone_wall":123,"minecraft:allium":6,"minecraft:deepslate_tile_slab":327,"minecraft:deepslate_brick_slab":19,"minecraft:tuff":20,"minecraft:snowball":54,"minecraft:spruce_fence":71,"minecraft:light_blue_stained_glass":37,"minecraft:azure_bluet":10,"minecraft:weeping_vines":34,"minecraft:nether_brick_stairs":1,"minecraft:polished_diorite":125,"minecraft:andesite_wall":26,"minecraft:polished_blackstone_slab":37,"minecraft:glass":20,"minecraft:stone_brick_slab":231,"minecraft:mangrove_stairs":10,"minecraft:yellow_stained_glass":44,"minecraft:flowering_azalea":10,"minecraft:quartz_slab":16,"minecraft:grass_block":92,"minecraft:bricks":63,"minecraft:iron_block":22,"minecraft:bookshelf":24,"minecraft:quartz_pillar":122,"minecraft:red_wool":58,"minecraft:spruce_wood":1761,"minecraft:lantern":79,"minecraft:blue_orchid":8,"minecraft:brick_stairs":20,"minecraft:birch_sapling":7,"minecraft:smooth_sandstone":18,"minecraft:orange_shulker_box":12,"minecraft:quartz_block":10,"minecraft:netherite_hoe":9,"minecraft:dark_oak_slab":38,"minecraft:smooth_quartz":15,"minecraft:crimson_roots":34,"minecraft:raw_gold_block":7,"minecraft:diorite_wall":22,"minecraft:stone_brick_stairs":596,"minecraft:barrel":10,"minecraft:stone_bricks":799,"minecraft:bedrock":8,"minecraft:stripped_mangrove_log":7,"minecraft:reinforced_deepslate":8,"minecraft:redstone_lamp":3,"minecraft:red_carpet":18,"minecraft:bow":1097,"minecraft:waxed_cut_copper_slab":18,"minecraft:black_stained_glass":4,"minecraft:warped_fungus":7,"minecraft:tall_grass":48,"minecraft:iron_trapdoor":42,"minecraft:magenta_terracotta":18,"minecraft:blue_shulker_box":1,"minecraft:mangrove_slab":14,"minecraft:deepslate_tile_stairs":41,"minecraft:white_stained_glass_pane":80,"minecraft:polished_diorite_stairs":10,"minecraft:pearlescent_froglight":6,"minecraft:cobbled_deepslate":39,"minecraft:acacia_planks":14,"minecraft:pointed_dripstone":9,"minecraft:cobbled_deepslate_wall":1,"minecraft:calcite":212,"minecraft:deepslate_brick_wall":14,"minecraft:wheat_seeds":8,"minecraft:dark_oak_stairs":55,"minecraft:water_bucket":1,"minecraft:waxed_oxidized_cut_copper_slab":7,"minecraft:diorite":1398,"minecraft:end_rod":10,"minecraft:amethyst_block":403,"minecraft:cobblestone_stairs":166,"minecraft:warped_fungus_on_a_stick":2367,"minecraft:lodestone":23,"minecraft:snow_block":13,"minecraft:birch_planks":75,"minecraft:birch_leaves":1,"minecraft:gray_carpet":29,"minecraft:polished_andesite":330,"minecraft:mud_brick_slab":17,"minecraft:oak_planks":16,"minecraft:andesite_slab":2,"minecraft:sandstone":1,"minecraft:red_mushroom_block":62,"minecraft:redstone_block":9,"minecraft:beacon":3,"minecraft:cobblestone_slab":135,"minecraft:dark_oak_trapdoor":21,"minecraft:diamond_block":20,"minecraft:sand":4,"minecraft:waxed_weathered_cut_copper_slab":5,"minecraft:brown_banner":3,"minecraft:birch_sign":19,"minecraft:crossbow":862,"minecraft:sculk_shrieker":2,"minecraft:blackstone_wall":1,"minecraft:stone_brick_wall":283,"minecraft:lime_shulker_box":41,"minecraft:lingering_potion":106,"minecraft:shears":14,"minecraft:cobbled_deepslate_stairs":37,"minecraft:spruce_log":208,"minecraft:deepslate_brick_stairs":111,"minecraft:deepslate_tile_wall":24,"minecraft:oak_log":147,"minecraft:birch_fence":5,"minecraft:deepslate_tiles":176,"minecraft:purple_stained_glass":93,"minecraft:amethyst_cluster":22,"minecraft:black_terracotta":33,"minecraft:mud":1,"minecraft:flower_pot":18,"minecraft:netherite_block":3,"minecraft:ender_eye":2,"minecraft:oxeye_daisy":5,"minecraft:black_wool":59,"minecraft:birch_slab":26,"minecraft:sunflower":9,"minecraft:map":2,"minecraft:barrier":349,"minecraft:oak_button":1,"minecraft:string":7,"minecraft:verdant_froglight":21,"minecraft:stone_button":28,"minecraft:spore_blossom":2,"minecraft:jungle_stairs":22,"minecraft:stone_slab":4,"minecraft:polished_granite":4,"minecraft:spruce_trapdoor":64,"minecraft:flowering_azalea_leaves":13,"minecraft:lilac":7,"minecraft:chiseled_stone_bricks":39,"minecraft:coal_block":13,"minecraft:fishing_rod":1,"minecraft:wooden_sword":14,"minecraft:cobblestone":124,"minecraft:azalea_leaves":180,"minecraft:cobbled_deepslate_slab":11,"minecraft:smithing_table":1,"minecraft:dark_oak_fence":32,"minecraft:andesite":97,"minecraft:white_stained_glass":1196,"minecraft:andesite_stairs":55,"minecraft:deepslate_coal_ore":7,"minecraft:chain":46,"minecraft:smooth_stone_slab":80,"minecraft:end_portal_frame":2,"minecraft:polished_blackstone_button":20,"minecraft:white_concrete":34,"minecraft:dandelion":32,"minecraft:gray_wool":46,"minecraft:sculk_vein":257,"minecraft:bone_meal":116,"minecraft:splash_potion":182,"minecraft:diorite_slab":37,"minecraft:birch_stairs":52,"minecraft:green_stained_glass":1},"minecraft:dropped":{"minecraft:orange_shulker_box":1,"minecraft:moss_block":1,"minecraft:wheat_seeds":1,"minecraft:birch_leaves":1,"minecraft:cobbled_deepslate_stairs":1,"minecraft:lime_shulker_box":1,"minecraft:crossbow":1,"minecraft:warped_fungus_on_a_stick":3,"minecraft:cobblestone":3,"minecraft:andesite_wall":1,"minecraft:lantern":1,"minecraft:quartz_pillar":1,"minecraft:spruce_stairs":2,"minecraft:deepslate_tile_slab":1,"minecraft:grass_block":1,"minecraft:polished_andesite":2,"minecraft:cobblestone_stairs":4,"minecraft:grass":1,"minecraft:deepslate_brick_stairs":1,"minecraft:polished_diorite_stairs":1,"minecraft:diorite":3,"minecraft:sculk":1,"minecraft:light_blue_stained_glass":1,"minecraft:lodestone":3,"minecraft:mangrove_stairs":1,"minecraft:verdant_froglight":1,"minecraft:light_blue_stained_glass_pane":1,"minecraft:smooth_sandstone":1,"minecraft:black_stained_glass":1,"minecraft:mangrove_slab":1,"minecraft:polished_diorite":2,"minecraft:moss_carpet":2,"minecraft:compass":1,"minecraft:netherite_hoe":1,"minecraft:cooked_chicken":1,"minecraft:deepslate_brick_slab":1,"minecraft:chiseled_stone_bricks":1,"minecraft:deepslate_tiles":1,"minecraft:stone":2,"minecraft:andesite_stairs":1,"minecraft:spruce_wood":2,"minecraft:stone_bricks":1,"minecraft:spruce_log":1,"minecraft:stone_brick_stairs":2,"minecraft:white_stained_glass":5},"minecraft:killed":{"minecraft:skeleton":2},"minecraft:killed_by":{"minecraft:player":357}},"DataVersion":3337}