{"stats":{"minecraft:killed_by":{"minecraft:player":19},"minecraft:picked_up":{"minecraft:warped_fungus_on_a_stick":9,"minecraft:carrot_on_a_stick":1},"minecraft:dropped":{"minecraft:carrot_on_a_stick":1,"minecraft:warped_fungus_on_a_stick":9},"minecraft:crafted":{"minecraft:wooden_sword":2,"minecraft:snowball":2,"minecraft:splash_potion":8,"minecraft:trident":1,"minecraft:air":0},"minecraft:custom":{"minecraft:time_since_rest":13789,"minecraft:play_time":147943,"minecraft:crouch_one_cm":2332,"minecraft:walk_one_cm":274178,"minecraft:sprint_one_cm":808576,"minecraft:open_enderchest":1,"minecraft:damage_taken":5619,"minecraft:deaths":19,"minecraft:sneak_time":4353,"minecraft:damage_blocked_by_shield":90,"minecraft:walk_under_water_one_cm":3841,"minecraft:drop":10,"minecraft:aviate_one_cm":741,"minecraft:jump":2239,"minecraft:damage_dealt":210,"minecraft:leave_game":2,"minecraft:time_since_death":13787,"minecraft:walk_on_water_one_cm":2488,"minecraft:traded_with_villager":13,"minecraft:total_world_time":147943,"minecraft:damage_resisted":30,"minecraft:fall_one_cm":286817,"minecraft:swim_one_cm":3254,"minecraft:talked_to_villager":17,"minecraft:fly_one_cm":1099819,"minecraft:player_kills":9},"minecraft:used":{"minecraft:trident":3,"minecraft:bow":9,"minecraft:warped_fungus_on_a_stick":142,"minecraft:carrot_on_a_stick":1,"minecraft:elytra":3,"minecraft:crossbow":128,"minecraft:shield":9,"minecraft:snowball":13,"minecraft:splash_potion":8}},"DataVersion":3218}