{"stats":{"minecraft:picked_up":{"minecraft:crossbow":1},"minecraft:killed_by":{"minecraft:player":41},"minecraft:crafted":{"minecraft:wooden_sword":1,"minecraft:arrow":110,"minecraft:snowball":6,"minecraft:splash_potion":38,"minecraft:air":0},"minecraft:dropped":{"minecraft:crossbow":1},"minecraft:custom":{"minecraft:time_since_rest":4728,"minecraft:play_time":114965,"minecraft:crouch_one_cm":4781,"minecraft:walk_one_cm":388168,"minecraft:sprint_one_cm":838486,"minecraft:open_enderchest":1,"minecraft:damage_taken":10291,"minecraft:deaths":41,"minecraft:bell_ring":1,"minecraft:sneak_time":6502,"minecraft:damage_blocked_by_shield":200,"minecraft:trigger_trapped_chest":2,"minecraft:walk_under_water_one_cm":10760,"minecraft:drop":1,"minecraft:jump":1411,"minecraft:damage_dealt":1578,"minecraft:leave_game":2,"minecraft:time_since_death":4727,"minecraft:walk_on_water_one_cm":1515,"minecraft:traded_with_villager":54,"minecraft:total_world_time":114965,"minecraft:damage_resisted":909,"minecraft:inspect_dispenser":1,"minecraft:fall_one_cm":318683,"minecraft:swim_one_cm":4412,"minecraft:talked_to_villager":23,"minecraft:fly_one_cm":636182,"minecraft:player_kills":15},"minecraft:used":{"minecraft:trident":4,"minecraft:wooden_sword":2,"minecraft:bow":35,"minecraft:warped_fungus_on_a_stick":254,"minecraft:carrot_on_a_stick":12,"minecraft:crossbow":233,"minecraft:shield":2,"minecraft:snowball":3,"minecraft:splash_potion":23}},"DataVersion":3337}