{"stats":{"minecraft:custom":{"minecraft:time_since_rest":11697,"minecraft:crouch_one_cm":1894,"minecraft:open_enderchest":1,"minecraft:play_time":172028,"minecraft:sprint_one_cm":1235719,"minecraft:deaths":13,"minecraft:damage_taken":3724,"minecraft:walk_one_cm":353287,"minecraft:damage_blocked_by_shield":457,"minecraft:sneak_time":2223,"minecraft:walk_under_water_one_cm":1785,"minecraft:drop":1,"minecraft:jump":2704,"minecraft:damage_dealt":2123,"minecraft:leave_game":1,"minecraft:time_since_death":11695,"minecraft:walk_on_water_one_cm":836,"minecraft:traded_with_villager":12,"minecraft:total_world_time":172028,"minecraft:damage_resisted":546,"minecraft:talked_to_villager":19,"minecraft:fall_one_cm":474000,"minecraft:fly_one_cm":1230561,"minecraft:player_kills":18},"minecraft:killed_by":{"minecraft:player":12},"minecraft:dropped":{"minecraft:warped_fungus_on_a_stick":1},"minecraft:crafted":{"minecraft:wooden_sword":1,"minecraft:arrow":30,"minecraft:bow":2,"minecraft:snowball":3,"minecraft:splash_potion":4,"minecraft:trident":1,"minecraft:air":0},"minecraft:used":{"minecraft:trident":28,"minecraft:wooden_sword":2,"minecraft:bow":61,"minecraft:warped_fungus_on_a_stick":251,"minecraft:carrot_on_a_stick":8,"minecraft:crossbow":65,"minecraft:shield":10,"minecraft:snowball":11,"minecraft:splash_potion":4},"minecraft:picked_up":{"minecraft:warped_fungus_on_a_stick":1}},"DataVersion":3337}