{"stats":{"minecraft:picked_up":{"minecraft:warped_fungus_on_a_stick":2,"minecraft:bow":1},"minecraft:killed_by":{"minecraft:player":8},"minecraft:crafted":{"minecraft:wooden_sword":1,"minecraft:crossbow":1,"minecraft:arrow":20,"minecraft:snowball":5,"minecraft:splash_potion":6,"minecraft:shield":1,"minecraft:trident":4},"minecraft:dropped":{"minecraft:bow":1,"minecraft:warped_fungus_on_a_stick":2},"minecraft:custom":{"minecraft:time_since_rest":7556,"minecraft:crouch_one_cm":2416,"minecraft:play_time":34746,"minecraft:sprint_one_cm":350592,"minecraft:walk_one_cm":86262,"minecraft:damage_taken":2166,"minecraft:deaths":9,"minecraft:sneak_time":2130,"minecraft:walk_under_water_one_cm":683,"minecraft:drop":3,"minecraft:jump":379,"minecraft:damage_dealt":305,"minecraft:leave_game":1,"minecraft:time_since_death":7554,"minecraft:walk_on_water_one_cm":567,"minecraft:traded_with_villager":18,"minecraft:total_world_time":34746,"minecraft:talked_to_villager":19,"minecraft:fall_one_cm":143303,"minecraft:fly_one_cm":270899,"minecraft:player_kills":3},"minecraft:used":{"minecraft:trident":3,"minecraft:wooden_sword":10,"minecraft:bow":64,"minecraft:warped_fungus_on_a_stick":142,"minecraft:carrot_on_a_stick":9,"minecraft:crossbow":3,"minecraft:splash_potion":6}},"DataVersion":3337}