{"stats":{"minecraft:picked_up":{"minecraft:warped_fungus_on_a_stick":1,"minecraft:crossbow":1},"minecraft:killed_by":{"minecraft:player":178},"minecraft:dropped":{"minecraft:player_head":1,"minecraft:cut_sandstone":1,"minecraft:crossbow":1,"minecraft:warped_fungus_on_a_stick":1,"minecraft:white_bed":1},"minecraft:crafted":{"minecraft:wooden_sword":2,"minecraft:shield":1,"minecraft:snowball":4,"minecraft:splash_potion":284,"minecraft:trident":2,"minecraft:air":0},"minecraft:custom":{"minecraft:time_since_rest":264,"minecraft:sprint_one_cm":7450352,"minecraft:open_enderchest":12,"minecraft:damage_taken":52601,"minecraft:walk_one_cm":3566537,"minecraft:trigger_trapped_chest":3,"minecraft:drop":5,"minecraft:damage_dealt":8181,"minecraft:traded_with_villager":291,"minecraft:fly_one_cm":6308861,"minecraft:swim_one_cm":21249,"minecraft:talked_to_villager":73,"minecraft:tune_noteblock":146,"minecraft:player_kills":211,"minecraft:open_barrel":1,"minecraft:open_chest":4,"minecraft:crouch_one_cm":100120,"minecraft:play_time":957128,"minecraft:deaths":181,"minecraft:sneak_time":75266,"minecraft:bell_ring":20,"minecraft:walk_under_water_one_cm":52669,"minecraft:aviate_one_cm":3462,"minecraft:jump":7766,"minecraft:leave_game":26,"minecraft:walk_on_water_one_cm":21979,"minecraft:time_since_death":262,"minecraft:total_world_time":957128,"minecraft:climb_one_cm":176,"minecraft:damage_resisted":6252,"minecraft:fall_one_cm":1898667,"minecraft:inspect_dispenser":10},"minecraft:used":{"minecraft:waxed_exposed_cut_copper":6,"minecraft:trident":32,"minecraft:netherite_block":44,"minecraft:cyan_terracotta":1,"minecraft:iron_bars":93,"minecraft:warped_fungus_on_a_stick":1491,"minecraft:sandstone_stairs":39,"minecraft:chiseled_sandstone":9,"minecraft:polished_deepslate":68,"minecraft:waxed_cut_copper":88,"minecraft:flint_and_steel":9,"minecraft:light_gray_concrete":112,"minecraft:dispenser":25,"minecraft:polished_andesite_stairs":27,"minecraft:carrot_on_a_stick":62,"minecraft:elytra":6,"minecraft:smooth_sandstone":1,"minecraft:chest":9,"minecraft:stone_slab":80,"minecraft:sandstone":166,"minecraft:stone":79,"minecraft:cut_sandstone":50,"minecraft:spruce_trapdoor":22,"minecraft:netherrack":3,"minecraft:wooden_sword":77,"minecraft:sand":48,"minecraft:bow":201,"minecraft:waxed_cut_copper_slab":78,"minecraft:iron_trapdoor":15,"minecraft:tnt":8,"minecraft:mangrove_roots":15,"minecraft:waxed_cut_copper_stairs":33,"minecraft:deepslate_tile_stairs":117,"minecraft:spruce_stairs":6,"minecraft:stone_stairs":126,"minecraft:sandstone_slab":9,"minecraft:crossbow":1956,"minecraft:smooth_stone_slab":172,"minecraft:blackstone_wall":2,"minecraft:observer":20,"minecraft:snowball":20,"minecraft:splash_potion":231,"minecraft:smooth_stone":55,"minecraft:cobweb":470}},"DataVersion":3337}