{"stats":{"minecraft:custom":{"minecraft:time_since_rest":11191,"minecraft:sprint_one_cm":624001,"minecraft:inspect_dropper":8,"minecraft:open_enderchest":2,"minecraft:damage_taken":40625,"minecraft:walk_one_cm":4152279,"minecraft:damage_blocked_by_shield":2507,"minecraft:trigger_trapped_chest":6,"minecraft:interact_with_anvil":4,"minecraft:mob_kills":1,"minecraft:drop":17,"minecraft:damage_dealt":5454,"minecraft:traded_with_villager":38,"minecraft:talked_to_villager":46,"minecraft:target_hit":28,"minecraft:fly_one_cm":1254334,"minecraft:player_kills":85,"minecraft:open_chest":5,"minecraft:crouch_one_cm":24324,"minecraft:play_time":1386206,"minecraft:deaths":149,"minecraft:bell_ring":6,"minecraft:sneak_time":35383,"minecraft:walk_under_water_one_cm":11832,"minecraft:aviate_one_cm":11727,"minecraft:jump":5496,"minecraft:leave_game":21,"minecraft:time_since_death":11189,"minecraft:walk_on_water_one_cm":4923,"minecraft:climb_one_cm":2045,"minecraft:total_world_time":1386206,"minecraft:damage_resisted":2886,"minecraft:fall_one_cm":634807,"minecraft:inspect_dispenser":1},"minecraft:killed_by":{"minecraft:player":147},"minecraft:killed":{"minecraft:skeleton":1},"minecraft:dropped":{"minecraft:big_dripleaf":1,"minecraft:moss_carpet":1,"minecraft:repeating_command_block":1,"minecraft:gray_stained_glass_pane":1,"minecraft:player_head":1,"minecraft:light_blue_carpet":1,"minecraft:soul_lantern":1,"minecraft:warped_fungus_on_a_stick":1,"minecraft:sandstone":1,"minecraft:bow":3,"minecraft:lime_candle":1,"minecraft:bedrock":1,"minecraft:splash_potion":1,"minecraft:carrot_on_a_stick":1,"minecraft:green_candle":1},"minecraft:crafted":{"minecraft:crossbow":3,"minecraft:arrow":10,"minecraft:bow":1,"minecraft:snowball":10,"minecraft:splash_potion":26,"minecraft:trident":1,"minecraft:air":0},"minecraft:used":{"minecraft:moss_carpet":1,"minecraft:lever":3,"minecraft:warped_fungus_on_a_stick":188,"minecraft:dropper":1,"minecraft:command_block":14,"minecraft:armor_stand":7,"minecraft:stone_button":3,"minecraft:carrot_on_a_stick":325,"minecraft:elytra":7,"minecraft:shield":34,"minecraft:sandstone":2,"minecraft:stone":1,"minecraft:player_head":1,"minecraft:anvil":1,"minecraft:bow":672,"minecraft:chain_command_block":6,"minecraft:crossbow":160,"minecraft:repeating_command_block":7,"minecraft:lingering_potion":4,"minecraft:snowball":7,"minecraft:splash_potion":26,"minecraft:lime_candle":2},"minecraft:picked_up":{"minecraft:splash_potion":1,"minecraft:warped_fungus_on_a_stick":1,"minecraft:bedrock":1,"minecraft:paper":8,"minecraft:repeating_command_block":1,"minecraft:bow":3,"minecraft:player_head":3}},"DataVersion":3337}