{"stats":{"minecraft:custom":{"minecraft:time_since_rest":7984,"minecraft:sprint_one_cm":2453370,"minecraft:open_enderchest":4,"minecraft:damage_taken":22829,"minecraft:walk_one_cm":1189729,"minecraft:damage_blocked_by_shield":3100,"minecraft:drop":6,"minecraft:damage_dealt":4579,"minecraft:traded_with_villager":91,"minecraft:fly_one_cm":2392234,"minecraft:swim_one_cm":11130,"minecraft:talked_to_villager":97,"minecraft:player_kills":43,"minecraft:crouch_one_cm":91224,"minecraft:play_time":488999,"minecraft:deaths":75,"minecraft:sneak_time":35826,"minecraft:bell_ring":7,"minecraft:walk_under_water_one_cm":11925,"minecraft:aviate_one_cm":8315,"minecraft:jump":6295,"minecraft:leave_game":14,"minecraft:walk_on_water_one_cm":5489,"minecraft:time_since_death":7980,"minecraft:total_world_time":488999,"minecraft:climb_one_cm":792,"minecraft:damage_resisted":1606,"minecraft:fall_one_cm":1084860},"minecraft:picked_up":{"minecraft:warped_fungus_on_a_stick":2,"minecraft:carrot_on_a_stick":1,"minecraft:crossbow":2},"minecraft:crafted":{"minecraft:wooden_sword":1,"minecraft:crossbow":4,"minecraft:arrow":60,"minecraft:warped_fungus_on_a_stick":1,"minecraft:snowball":10,"minecraft:splash_potion":72,"minecraft:trident":1,"minecraft:air":0},"minecraft:used":{"minecraft:trident":6,"minecraft:warped_fungus_on_a_stick":314,"minecraft:oak_stairs":6,"minecraft:carrot_on_a_stick":323,"minecraft:oak_planks":7,"minecraft:elytra":7,"minecraft:shield":49,"minecraft:deepslate":24,"minecraft:bow":350,"minecraft:crossbow":166,"minecraft:lingering_potion":1,"minecraft:snowball":26,"minecraft:splash_potion":69,"minecraft:smooth_stone":4},"minecraft:dropped":{"minecraft:crossbow":2,"minecraft:warped_fungus_on_a_stick":2,"minecraft:bow":1,"minecraft:carrot_on_a_stick":1},"minecraft:killed_by":{"minecraft:player":74}},"DataVersion":3337}