{"stats":{"minecraft:crafted":{"minecraft:wooden_sword":1,"minecraft:snowball":1,"minecraft:splash_potion":7},"minecraft:used":{"minecraft:bow":68,"minecraft:warped_fungus_on_a_stick":77,"minecraft:splash_potion":6},"minecraft:killed_by":{"minecraft:player":9},"minecraft:custom":{"minecraft:time_since_rest":39407,"minecraft:crouch_one_cm":5,"minecraft:play_time":88900,"minecraft:sprint_one_cm":10424,"minecraft:walk_one_cm":395648,"minecraft:damage_taken":2257,"minecraft:deaths":9,"minecraft:sneak_time":1296,"minecraft:walk_under_water_one_cm":3673,"minecraft:jump":302,"minecraft:damage_dealt":404,"minecraft:leave_game":1,"minecraft:time_since_death":39406,"minecraft:walk_on_water_one_cm":2246,"minecraft:traded_with_villager":9,"minecraft:total_world_time":88900,"minecraft:talked_to_villager":14,"minecraft:fall_one_cm":129622,"minecraft:fly_one_cm":50136,"minecraft:player_kills":1}},"DataVersion":3337}