{"stats":{"minecraft:crafted":{"minecraft:bow":15,"minecraft:arrow":2572,"minecraft:shield":8,"minecraft:trident":35,"minecraft:wooden_sword":38,"minecraft:splash_potion":184,"minecraft:crossbow":14,"minecraft:snowball":166,"minecraft:air":0,"minecraft:warped_fungus_on_a_stick":4},"minecraft:dropped":{"minecraft:gold_ore":1,"minecraft:blue_shulker_box":3,"minecraft:iron_sword":1,"minecraft:repeating_command_block":15,"minecraft:diamond_axe":2,"minecraft:loom":1,"minecraft:diamond":1,"minecraft:nether_star":2,"minecraft:lime_shulker_box":2,"minecraft:lime_stained_glass":1,"minecraft:crossbow":5,"minecraft:warped_fungus_on_a_stick":141,"minecraft:lantern":1,"minecraft:lime_stained_glass_pane":2,"minecraft:mossy_stone_brick_stairs":1,"minecraft:bedrock":9,"minecraft:elytra":5,"minecraft:carrot_on_a_stick":228,"minecraft:structure_void":1,"minecraft:cod":1,"minecraft:item_frame":15,"minecraft:cobblestone_stairs":4,"minecraft:gold_block":1,"minecraft:redstone_lamp":16,"minecraft:grass":1,"minecraft:orange_carpet":1,"minecraft:stone_button":12,"minecraft:yellow_dye":2,"minecraft:dark_oak_trapdoor":1,"minecraft:snowball":11,"minecraft:wooden_sword":9,"minecraft:phantom_membrane":2,"minecraft:sugar":1,"minecraft:black_concrete":1,"minecraft:armor_stand":5,"minecraft:note_block":1,"minecraft:stone_axe":1,"minecraft:compass":1,"minecraft:emerald_block":1,"minecraft:spyglass":4,"minecraft:diamond_block":1,"minecraft:lever":10,"minecraft:infested_chiseled_stone_bricks":1,"minecraft:tinted_glass":1,"minecraft:netherite_sword":18,"minecraft:oak_planks":14,"minecraft:lime_dye":1,"minecraft:waxed_oxidized_cut_copper_slab":1,"minecraft:blue_stained_glass":5,"minecraft:red_stained_glass_pane":1,"minecraft:yellow_stained_glass_pane":1,"minecraft:trident":103,"minecraft:brick_stairs":1,"minecraft:reinforced_deepslate":1,"minecraft:lingering_potion":12,"minecraft:ladder":8,"minecraft:chest":1,"minecraft:spruce_wood":1,"minecraft:spruce_slab":8,"minecraft:arrow":53,"minecraft:glass":8,"minecraft:prismarine_bricks":1,"minecraft:chain_command_block":39,"minecraft:ghast_tear":1,"minecraft:oak_leaves":3,"minecraft:enchanted_book":1,"minecraft:orange_shulker_box":1,"minecraft:stripped_spruce_log":3,"minecraft:oak_slab":2,"minecraft:gray_stained_glass_pane":4,"minecraft:clock":1,"minecraft:cyan_dye":2,"minecraft:netherite_helmet":1,"minecraft:iron_helmet":1,"minecraft:barrier":5,"minecraft:cobblestone":2,"minecraft:apple":1,"minecraft:amethyst_block":2,"minecraft:granite":64,"minecraft:command_block":56,"minecraft:spruce_stairs":2,"minecraft:golden_apple":2,"minecraft:stick":4,"minecraft:end_rod":2,"minecraft:spruce_fence_gate":2,"minecraft:iron_block":2,"minecraft:sculk":2,"minecraft:iron_trapdoor":2,"minecraft:wooden_axe":2,"minecraft:white_concrete":14,"minecraft:map":1,"minecraft:oak_stairs":2,"minecraft:red_dye":1,"minecraft:smooth_stone":35,"minecraft:light_blue_stained_glass_pane":1,"minecraft:lapis_block":1,"minecraft:redstone_block":1,"minecraft:jigsaw":1,"minecraft:polished_diorite":3,"minecraft:bricks":5,"minecraft:gray_stained_glass":2,"minecraft:player_head":1,"minecraft:smooth_stone_slab":2,"minecraft:composter":1,"minecraft:stone_shovel":2,"minecraft:structure_block":1,"minecraft:debug_stick":1,"minecraft:oak_sign":30,"minecraft:spruce_fence":2,"minecraft:light":1,"minecraft:filled_map":34,"minecraft:diamond_sword":1,"minecraft:light_blue_dye":1,"minecraft:cobblestone_slab":4,"minecraft:stone":18,"minecraft:shield":4,"minecraft:oak_button":31,"minecraft:spruce_trapdoor":1,"minecraft:spruce_planks":7,"minecraft:netherite_block":2,"minecraft:quartz_stairs":1,"minecraft:light_blue_carpet":2,"minecraft:pink_shulker_box":1,"minecraft:golden_sword":2,"minecraft:stone_bricks":1,"minecraft:birch_sign":1,"minecraft:warped_button":1,"minecraft:spruce_log":9,"minecraft:sandstone":24,"minecraft:bow":34,"minecraft:purple_shulker_box":1,"minecraft:white_stained_glass":3},"minecraft:killed_by":{"minecraft:player":297,"minecraft:skeleton":2},"minecraft:used":{"minecraft:light_blue_stained_glass_pane":2,"minecraft:red_sand":9,"minecraft:spruce_slab":64,"minecraft:dispenser":1,"minecraft:carrot_on_a_stick":3168,"minecraft:ladder":88,"minecraft:elytra":238,"minecraft:oak_sign":142,"minecraft:chest":8,"minecraft:shield":155,"minecraft:stone":130,"minecraft:iron_sword":9,"minecraft:purple_shulker_box":1,"minecraft:quartz_stairs":8,"minecraft:grass":2,"minecraft:player_head":9,"minecraft:debug_stick":272,"minecraft:blue_stained_glass":22,"minecraft:orange_glazed_terracotta":1,"minecraft:orange_wool":1,"minecraft:snowball":950,"minecraft:stripped_spruce_log":30,"minecraft:glass":220,"minecraft:crimson_button":7,"minecraft:lava_bucket":3,"minecraft:bricks":15,"minecraft:spruce_wood":1,"minecraft:lantern":5,"minecraft:grass_block":3,"minecraft:orange_shulker_box":10,"minecraft:quartz_block":11,"minecraft:light_blue_bed":1,"minecraft:pink_wool":1,"minecraft:stone_bricks":39,"minecraft:item_frame":463,"minecraft:repeater":22,"minecraft:reinforced_deepslate":2,"minecraft:red_stained_glass_pane":2,"minecraft:redstone_lamp":228,"minecraft:bow":8375,"minecraft:jungle_button":1,"minecraft:blue_shulker_box":4,"minecraft:oxidized_cut_copper_stairs":1,"minecraft:gold_block":6,"minecraft:light_blue_carpet":341,"minecraft:waxed_oxidized_cut_copper_slab":3,"minecraft:end_rod":40,"minecraft:warped_fungus_on_a_stick":11770,"minecraft:oak_planks":402,"minecraft:mossy_stone_brick_stairs":1,"minecraft:sandstone":61,"minecraft:composter":2,"minecraft:redstone_block":18,"minecraft:diamond_axe":391,"minecraft:purpur_pillar":1,"minecraft:oak_leaves":12,"minecraft:white_wool":1,"minecraft:dark_oak_trapdoor":2,"minecraft:sand":8,"minecraft:infested_chiseled_stone_bricks":16,"minecraft:lime_stained_glass_pane":2,"minecraft:loom":3,"minecraft:waxed_weathered_cut_copper_slab":1,"minecraft:light_blue_wool":3,"minecraft:blast_furnace":9,"minecraft:crossbow":1978,"minecraft:note_block":2,"minecraft:lingering_potion":4157,"minecraft:creeper_spawn_egg":4,"minecraft:redstone_torch":20,"minecraft:sticky_piston":7,"minecraft:lever":75,"minecraft:black_concrete":212,"minecraft:barrier":30,"minecraft:stone_button":84,"minecraft:oak_pressure_plate":8,"minecraft:magenta_stained_glass_pane":1,"minecraft:diamond_sword":3,"minecraft:wooden_sword":199,"minecraft:white_stained_glass":96,"minecraft:waxed_oxidized_cut_copper_stairs":1,"minecraft:chain":2,"minecraft:smooth_stone_slab":5,"minecraft:white_concrete":97,"minecraft:warped_button":20,"minecraft:diorite_slab":56,"minecraft:gray_stained_glass":45,"minecraft:netherite_sword":18,"minecraft:purpur_block":3,"minecraft:trident":901,"minecraft:iron_bars":38,"minecraft:stone_sword":1,"minecraft:armor_stand":39,"minecraft:redstone":30,"minecraft:spruce_planks":61,"minecraft:tinted_glass":183,"minecraft:ender_chest":3,"minecraft:sculk":10,"minecraft:dirt":1,"minecraft:spyglass":36,"minecraft:anvil":3,"minecraft:prismarine_bricks":9,"minecraft:spruce_stairs":5,"minecraft:shulker_box":1,"minecraft:spruce_fence":17,"minecraft:blue_concrete":14,"minecraft:polished_diorite":16,"minecraft:stone_brick_slab":130,"minecraft:sea_lantern":1,"minecraft:light_gray_stained_glass":5,"minecraft:iron_block":82,"minecraft:oak_stairs":18,"minecraft:brick_stairs":1,"minecraft:chicken_spawn_egg":2,"minecraft:smooth_quartz":77,"minecraft:barrel":4,"minecraft:glowstone":4,"minecraft:magenta_wool":1,"minecraft:emerald_block":2,"minecraft:iron_trapdoor":26,"minecraft:magenta_terracotta":1,"minecraft:lime_stained_glass":1,"minecraft:trapped_chest":2,"minecraft:stone_pressure_plate":4,"minecraft:powder_snow_bucket":49,"minecraft:turtle_spawn_egg":1,"minecraft:amethyst_block":3,"minecraft:cobblestone_stairs":63,"minecraft:sandstone_stairs":1,"minecraft:lime_wool":3,"minecraft:purple_glazed_terracotta":6,"minecraft:spruce_fence_gate":18,"minecraft:sheep_spawn_egg":2,"minecraft:cobblestone_slab":46,"minecraft:gold_ore":271,"minecraft:conduit":4,"minecraft:diamond_block":5,"minecraft:orange_carpet":100,"minecraft:comparator":3,"minecraft:oak_slab":14,"minecraft:birch_sign":4,"minecraft:yellow_stained_glass_pane":20,"minecraft:lime_shulker_box":9,"minecraft:spruce_log":349,"minecraft:amethyst_cluster":6,"minecraft:mud":9,"minecraft:netherite_block":25,"minecraft:ender_eye":1,"minecraft:light":1,"minecraft:apple":6,"minecraft:command_block":300,"minecraft:oak_button":259,"minecraft:map":53,"minecraft:spruce_trapdoor":27,"minecraft:purpur_slab":1,"minecraft:budding_amethyst":1,"minecraft:yellow_wool":1,"minecraft:green_carpet":2,"minecraft:fishing_rod":4,"minecraft:cobblestone":41,"minecraft:pink_shulker_box":2,"minecraft:chain_command_block":213,"minecraft:lapis_block":3,"minecraft:bucket":53,"minecraft:repeating_command_block":78,"minecraft:end_portal_frame":2,"minecraft:gray_wool":1,"minecraft:smooth_stone":672,"minecraft:splash_potion":251},"minecraft:mined":{"minecraft:gray_stained_glass":1},"minecraft:broken":{"minecraft:trident":4,"minecraft:shield":2},"minecraft:killed":{"minecraft:skeleton":21,"minecraft:chicken":2,"minecraft:turtle":1,"minecraft:cat":1,"minecraft:wolf":9,"minecraft:sheep":1,"minecraft:zombie":5,"minecraft:cow":7,"minecraft:villager":3},"minecraft:picked_up":{"minecraft:smooth_stone_slab":1,"minecraft:oak_sign":54,"minecraft:stick":385,"minecraft:big_dripleaf":1,"minecraft:warped_button":5,"minecraft:gray_stained_glass_pane":8,"minecraft:command_block":1,"minecraft:barrier":1,"minecraft:warped_fungus_on_a_stick":92,"minecraft:bow":21,"minecraft:green_candle":1,"minecraft:soul_lantern":1,"minecraft:lever":9,"minecraft:lingering_potion":5,"minecraft:splash_potion":1,"minecraft:ladder":1,"minecraft:elytra":1,"minecraft:moss_carpet":1,"minecraft:wooden_sword":2,"minecraft:item_frame":2,"minecraft:sandstone":15,"minecraft:stone_button":61,"minecraft:trident":54,"minecraft:lime_candle":1,"minecraft:arrow":278,"minecraft:carrot_on_a_stick":187,"minecraft:filled_map":1,"minecraft:chain_command_block":3,"minecraft:spruce_log":1,"minecraft:light_blue_carpet":1,"minecraft:oak_button":6},"minecraft:custom":{"minecraft:open_barrel":63,"minecraft:open_shulker_box":6,"minecraft:bell_ring":39,"minecraft:leave_game":328,"minecraft:time_since_death":7854,"minecraft:damage_resisted":16835,"minecraft:sprint_one_cm":44131598,"minecraft:damage_blocked_by_shield":5300,"minecraft:drop":1213,"minecraft:talked_to_villager":1171,"minecraft:play_time":40664837,"minecraft:deaths":400,"minecraft:jump":184094,"minecraft:walk_on_water_one_cm":115253,"minecraft:traded_with_villager":663,"minecraft:interact_with_loom":3,"minecraft:open_enderchest":167,"minecraft:damage_dealt":73540,"minecraft:player_kills":1460,"minecraft:crouch_one_cm":592401,"minecraft:inspect_dispenser":4,"minecraft:inspect_dropper":1,"minecraft:mob_kills":52,"minecraft:interact_with_anvil":9,"minecraft:climb_one_cm":26360,"minecraft:walk_one_cm":13461581,"minecraft:target_hit":102,"minecraft:sneak_time":339250,"minecraft:walk_under_water_one_cm":127429,"minecraft:interact_with_blast_furnace":1,"minecraft:total_world_time":40664852,"minecraft:tune_noteblock":4,"minecraft:time_since_rest":7854,"minecraft:damage_taken":100402,"minecraft:trigger_trapped_chest":13,"minecraft:swim_one_cm":17747,"minecraft:fly_one_cm":115799737,"minecraft:open_chest":46,"minecraft:aviate_one_cm":287680,"minecraft:fall_one_cm":26208954}},"DataVersion":3337}