{"stats":{"minecraft:custom":{"minecraft:time_since_rest":2194,"minecraft:crouch_one_cm":19503,"minecraft:sprint_one_cm":1011097,"minecraft:play_time":240333,"minecraft:deaths":24,"minecraft:damage_taken":7711,"minecraft:walk_one_cm":1248516,"minecraft:bell_ring":23,"minecraft:sneak_time":9765,"minecraft:trigger_trapped_chest":1,"minecraft:walk_under_water_one_cm":12043,"minecraft:drop":98,"minecraft:aviate_one_cm":1084,"minecraft:jump":1265,"minecraft:damage_dealt":5408,"minecraft:leave_game":7,"minecraft:walk_on_water_one_cm":2877,"minecraft:time_since_death":2192,"minecraft:traded_with_villager":15,"minecraft:total_world_time":240333,"minecraft:damage_resisted":1017,"minecraft:swim_one_cm":532,"minecraft:talked_to_villager":19,"minecraft:fall_one_cm":272669,"minecraft:fly_one_cm":847484,"minecraft:player_kills":21},"minecraft:killed_by":{"minecraft:player":24},"minecraft:dropped":{"minecraft:splash_potion":2,"minecraft:warped_fungus_on_a_stick":96},"minecraft:crafted":{"minecraft:arrow":20,"minecraft:bow":1,"minecraft:splash_potion":9,"minecraft:shield":3},"minecraft:used":{"minecraft:bow":8,"minecraft:warped_fungus_on_a_stick":293,"minecraft:carrot_on_a_stick":6,"minecraft:elytra":5,"minecraft:splash_potion":7},"minecraft:picked_up":{"minecraft:splash_potion":2,"minecraft:warped_fungus_on_a_stick":97}},"DataVersion":3337}