{"stats":{"minecraft:dropped":{"minecraft:splash_potion":1},"minecraft:killed_by":{"minecraft:player":34},"minecraft:crafted":{"minecraft:wooden_sword":1,"minecraft:snowball":4,"minecraft:splash_potion":38,"minecraft:shield":2,"minecraft:trident":1,"minecraft:air":0},"minecraft:custom":{"minecraft:time_since_rest":361,"minecraft:damage_taken":9936,"minecraft:crouch_one_cm":6242,"minecraft:sprint_one_cm":1461515,"minecraft:play_time":170521,"minecraft:open_enderchest":2,"minecraft:deaths":34,"minecraft:walk_one_cm":419892,"minecraft:sneak_time":8282,"minecraft:walk_under_water_one_cm":10351,"minecraft:drop":1,"minecraft:aviate_one_cm":4011,"minecraft:jump":495,"minecraft:damage_dealt":3252,"minecraft:leave_game":6,"minecraft:time_since_death":360,"minecraft:walk_on_water_one_cm":7628,"minecraft:traded_with_villager":44,"minecraft:total_world_time":170521,"minecraft:damage_resisted":60,"minecraft:swim_one_cm":1062,"minecraft:talked_to_villager":28,"minecraft:fall_one_cm":190395,"minecraft:fly_one_cm":1188456,"minecraft:player_kills":18},"minecraft:used":{"minecraft:trident":2,"minecraft:debug_stick":2,"minecraft:wooden_sword":27,"minecraft:warped_fungus_on_a_stick":104,"minecraft:elytra":2,"minecraft:carrot_on_a_stick":55,"minecraft:crossbow":161,"minecraft:oak_wood":953,"minecraft:stone":42,"minecraft:lingering_potion":2,"minecraft:splash_potion":34},"minecraft:picked_up":{"minecraft:splash_potion":1}},"DataVersion":3120}