{"stats":{"minecraft:dropped":{"minecraft:carrot_on_a_stick":1},"minecraft:killed_by":{"minecraft:player":1},"minecraft:custom":{"minecraft:jump":768,"minecraft:time_since_rest":207993,"minecraft:damage_taken":290,"minecraft:crouch_one_cm":623,"minecraft:leave_game":2,"minecraft:play_time":218969,"minecraft:sprint_one_cm":100260,"minecraft:time_since_death":207992,"minecraft:walk_one_cm":459045,"minecraft:deaths":1,"minecraft:sneak_time":1981,"minecraft:total_world_time":218969,"minecraft:fall_one_cm":16529,"minecraft:drop":1,"minecraft:fly_one_cm":254666},"minecraft:used":{"minecraft:carrot_on_a_stick":6,"minecraft:sandstone":3,"minecraft:warped_fungus_on_a_stick":8,"minecraft:command_block":4}},"DataVersion":3120}