{"stats":{"minecraft:used":{"minecraft:oak_log":41,"minecraft:glass":16,"minecraft:purple_concrete":40,"minecraft:black_concrete":37,"minecraft:stripped_dark_oak_log":18,"minecraft:snow_block":5,"minecraft:spruce_wood":13,"minecraft:iron_block":1,"minecraft:spruce_stairs":5,"minecraft:white_stained_glass":82,"minecraft:spruce_planks":5,"minecraft:white_concrete":1,"minecraft:smooth_quartz":10,"minecraft:dead_brain_coral_block":297,"minecraft:spruce_log":111},"minecraft:dropped":{"minecraft:spruce_log":1,"minecraft:dead_brain_coral_block":1,"minecraft:spruce_planks":1,"minecraft:smooth_quartz":1},"minecraft:custom":{"minecraft:time_since_rest":42077,"minecraft:crouch_one_cm":247,"minecraft:play_time":42077,"minecraft:sprint_one_cm":572,"minecraft:sneak_time":2140,"minecraft:walk_one_cm":28569,"minecraft:drop":4,"minecraft:jump":74,"minecraft:leave_game":1,"minecraft:time_since_death":42077,"minecraft:total_world_time":42077,"minecraft:fall_one_cm":1325,"minecraft:fly_one_cm":433633}},"DataVersion":3337}