{"stats":{"minecraft:custom":{"minecraft:time_since_rest":8797,"minecraft:crouch_one_cm":20845,"minecraft:bell_ring":1,"minecraft:play_time":148184,"minecraft:sprint_one_cm":958299,"minecraft:walk_one_cm":382879,"minecraft:damage_taken":12975,"minecraft:deaths":54,"minecraft:sneak_time":8925,"minecraft:damage_blocked_by_shield":370,"minecraft:walk_under_water_one_cm":23292,"minecraft:drop":21,"minecraft:jump":2207,"minecraft:damage_dealt":2334,"minecraft:leave_game":2,"minecraft:time_since_death":8795,"minecraft:walk_on_water_one_cm":7436,"minecraft:traded_with_villager":66,"minecraft:total_world_time":148184,"minecraft:damage_resisted":601,"minecraft:swim_one_cm":5738,"minecraft:talked_to_villager":33,"minecraft:fall_one_cm":738239,"minecraft:fly_one_cm":867221,"minecraft:player_kills":59},"minecraft:picked_up":{"minecraft:warped_fungus_on_a_stick":21,"minecraft:bow":1,"minecraft:carrot_on_a_stick":1},"minecraft:crafted":{"minecraft:arrow":150,"minecraft:snowball":2,"minecraft:splash_potion":47,"minecraft:shield":1,"minecraft:trident":1,"minecraft:air":0},"minecraft:used":{"minecraft:trident":7,"minecraft:bow":517,"minecraft:warped_fungus_on_a_stick":917,"minecraft:carrot_on_a_stick":78,"minecraft:crossbow":206,"minecraft:shield":5,"minecraft:snowball":5,"minecraft:splash_potion":10},"minecraft:dropped":{"minecraft:bow":1,"minecraft:warped_fungus_on_a_stick":20},"minecraft:killed_by":{"minecraft:player":53}},"DataVersion":3337}