{"stats":{"minecraft:killed_by":{"minecraft:player":1},"minecraft:custom":{"minecraft:time_since_rest":185010,"minecraft:crouch_one_cm":585,"minecraft:deaths":1,"minecraft:sprint_one_cm":25815,"minecraft:play_time":194319,"minecraft:open_enderchest":1,"minecraft:damage_taken":557,"minecraft:walk_one_cm":305700,"minecraft:sneak_time":4333,"minecraft:bell_ring":1,"minecraft:trigger_trapped_chest":3,"minecraft:drop":2,"minecraft:jump":251,"minecraft:damage_dealt":521,"minecraft:leave_game":8,"minecraft:time_since_death":185007,"minecraft:total_world_time":194319,"minecraft:damage_resisted":20,"minecraft:fly_one_cm":799154,"minecraft:fall_one_cm":33295,"minecraft:target_hit":3,"minecraft:player_kills":6},"minecraft:dropped":{"minecraft:quartz_pillar":1,"minecraft:wooden_axe":1},"minecraft:used":{"minecraft:structure_block":2,"minecraft:quartz_bricks":15,"minecraft:glow_berries":27,"minecraft:glowstone":99,"minecraft:bow":21,"minecraft:quartz_pillar":108,"minecraft:quartz_slab":108,"minecraft:carrot_on_a_stick":31,"minecraft:white_stained_glass":152,"minecraft:quartz_block":735,"minecraft:chiseled_quartz_block":47,"minecraft:polished_granite":20,"minecraft:lingering_potion":7,"minecraft:bone_meal":22}},"DataVersion":3120}