{"stats":{"minecraft:custom":{"minecraft:time_since_rest":13470,"minecraft:crouch_one_cm":30954,"minecraft:play_time":193792,"minecraft:sprint_one_cm":703820,"minecraft:walk_one_cm":1204960,"minecraft:damage_taken":7751,"minecraft:deaths":30,"minecraft:sneak_time":20937,"minecraft:damage_blocked_by_shield":2361,"minecraft:walk_under_water_one_cm":3193,"minecraft:aviate_one_cm":1108,"minecraft:jump":1176,"minecraft:damage_dealt":1671,"minecraft:leave_game":2,"minecraft:walk_on_water_one_cm":1538,"minecraft:time_since_death":13468,"minecraft:traded_with_villager":30,"minecraft:total_world_time":193792,"minecraft:damage_resisted":4325,"minecraft:talked_to_villager":22,"minecraft:fall_one_cm":328930,"minecraft:fly_one_cm":343791,"minecraft:player_kills":11},"minecraft:killed_by":{"minecraft:player":29},"minecraft:crafted":{"minecraft:arrow":10,"minecraft:splash_potion":29,"minecraft:air":0},"minecraft:used":{"minecraft:trident":5,"minecraft:bow":125,"minecraft:warped_fungus_on_a_stick":402,"minecraft:carrot_on_a_stick":590,"minecraft:elytra":3,"minecraft:crossbow":167,"minecraft:shield":51,"minecraft:splash_potion":25}},"DataVersion":3337}