{"stats":{"minecraft:picked_up":{"minecraft:gray_stained_glass_pane":12,"minecraft:item_frame":2,"minecraft:carrot_on_a_stick":2},"minecraft:killed_by":{"minecraft:player":6},"minecraft:crafted":{"minecraft:wooden_sword":1,"minecraft:trident":1,"minecraft:air":0},"minecraft:dropped":{"minecraft:gray_stained_glass_pane":16,"minecraft:carrot_on_a_stick":2,"minecraft:item_frame":2},"minecraft:custom":{"minecraft:time_since_rest":1557,"minecraft:deaths":6,"minecraft:open_enderchest":7,"minecraft:crouch_one_cm":3305,"minecraft:play_time":35051,"minecraft:sprint_one_cm":170130,"minecraft:damage_taken":1334,"minecraft:walk_one_cm":49121,"minecraft:bell_ring":29,"minecraft:sneak_time":1853,"minecraft:walk_under_water_one_cm":16864,"minecraft:pot_flower":8,"minecraft:drop":20,"minecraft:jump":470,"minecraft:interact_with_grindstone":2,"minecraft:damage_dealt":382,"minecraft:leave_game":1,"minecraft:time_since_death":1556,"minecraft:walk_on_water_one_cm":7782,"minecraft:traded_with_villager":2,"minecraft:total_world_time":35051,"minecraft:tune_noteblock":16,"minecraft:swim_one_cm":15353,"minecraft:fly_one_cm":203255,"minecraft:talked_to_villager":9,"minecraft:fall_one_cm":113787,"minecraft:player_kills":2},"minecraft:used":{"minecraft:trident":14,"minecraft:wooden_sword":7,"minecraft:warped_fungus_on_a_stick":89,"minecraft:carrot_on_a_stick":10}},"DataVersion":3337}