{"stats":{"minecraft:picked_up":{"minecraft:green_candle":1},"minecraft:dropped":{"minecraft:green_candle":1},"minecraft:killed_by":{"minecraft:player":14},"minecraft:used":{"minecraft:bow":45,"minecraft:warped_fungus_on_a_stick":374,"minecraft:carrot_on_a_stick":313,"minecraft:snowball":10,"minecraft:splash_potion":18},"minecraft:custom":{"minecraft:time_since_rest":6878,"minecraft:crouch_one_cm":2270,"minecraft:play_time":188591,"minecraft:walk_one_cm":573573,"minecraft:sprint_one_cm":764678,"minecraft:open_enderchest":2,"minecraft:damage_taken":4636,"minecraft:deaths":14,"minecraft:bell_ring":81,"minecraft:sneak_time":3660,"minecraft:trigger_trapped_chest":3,"minecraft:walk_under_water_one_cm":2868,"minecraft:pot_flower":1,"minecraft:drop":1,"minecraft:jump":2955,"minecraft:damage_dealt":7615,"minecraft:leave_game":3,"minecraft:time_since_death":6876,"minecraft:walk_on_water_one_cm":643,"minecraft:traded_with_villager":33,"minecraft:total_world_time":188591,"minecraft:damage_resisted":1974,"minecraft:player_kills":35,"minecraft:talked_to_villager":27,"minecraft:tune_noteblock":159,"minecraft:fall_one_cm":373205,"minecraft:fly_one_cm":1093737},"minecraft:crafted":{"minecraft:arrow":70,"minecraft:bow":1,"minecraft:snowball":7,"minecraft:splash_potion":18,"minecraft:shield":2,"minecraft:air":0}},"DataVersion":3337}