{"stats":{"minecraft:picked_up":{"minecraft:stick":2,"minecraft:crossbow":1},"minecraft:killed_by":{"minecraft:player":76},"minecraft:crafted":{"minecraft:wooden_sword":1,"minecraft:snowball":5,"minecraft:splash_potion":35,"minecraft:air":0},"minecraft:dropped":{"minecraft:stick":2,"minecraft:crossbow":1},"minecraft:custom":{"minecraft:time_since_rest":330,"minecraft:crouch_one_cm":37017,"minecraft:play_time":206701,"minecraft:sprint_one_cm":1374027,"minecraft:walk_one_cm":451727,"minecraft:damage_taken":19194,"minecraft:deaths":76,"minecraft:damage_blocked_by_shield":440,"minecraft:sneak_time":18352,"minecraft:trigger_trapped_chest":1,"minecraft:walk_under_water_one_cm":57827,"minecraft:drop":3,"minecraft:aviate_one_cm":260,"minecraft:jump":4699,"minecraft:damage_dealt":116,"minecraft:leave_game":1,"minecraft:walk_on_water_one_cm":27219,"minecraft:time_since_death":329,"minecraft:traded_with_villager":39,"minecraft:total_world_time":206701,"minecraft:damage_resisted":5214,"minecraft:target_hit":4,"minecraft:swim_one_cm":4937,"minecraft:talked_to_villager":19,"minecraft:fly_one_cm":2623848,"minecraft:fall_one_cm":946768,"minecraft:player_kills":32},"minecraft:used":{"minecraft:bow":13,"minecraft:warped_fungus_on_a_stick":394,"minecraft:carrot_on_a_stick":1,"minecraft:elytra":2,"minecraft:crossbow":500,"minecraft:shield":4,"minecraft:splash_potion":33}},"DataVersion":3337}