{"stats":{"minecraft:dropped":{"minecraft:carrot_on_a_stick":1,"minecraft:warped_fungus_on_a_stick":1},"minecraft:killed_by":{"minecraft:zombie":2,"minecraft:player":960,"minecraft:wolf":2},"minecraft:used":{"minecraft:netherite_sword":30,"minecraft:bow":55,"minecraft:warped_fungus_on_a_stick":96,"minecraft:carrot_on_a_stick":53,"minecraft:elytra":6,"minecraft:lingering_potion":3,"minecraft:snowball":1},"minecraft:mined":{"minecraft:oak_leaves":1},"minecraft:picked_up":{"minecraft:warped_fungus_on_a_stick":1,"minecraft:carrot_on_a_stick":1},"minecraft:custom":{"minecraft:time_since_rest":4532,"minecraft:crouch_one_cm":3618,"minecraft:damage_taken":246368,"minecraft:sprint_one_cm":654705,"minecraft:play_time":20860940,"minecraft:open_enderchest":1,"minecraft:deaths":1021,"minecraft:walk_one_cm":635851,"minecraft:sneak_time":2097,"minecraft:drop":2,"minecraft:aviate_one_cm":1413,"minecraft:jump":3326,"minecraft:damage_dealt":4007,"minecraft:leave_game":121,"minecraft:time_since_death":4531,"minecraft:total_world_time":20860940,"minecraft:damage_resisted":2259,"minecraft:talked_to_villager":79,"minecraft:fall_one_cm":445443,"minecraft:fly_one_cm":1087244,"minecraft:player_kills":16}},"DataVersion":3337}