{"stats":{"minecraft:dropped":{"minecraft:repeating_command_block":1,"minecraft:player_head":3,"minecraft:warped_fungus_on_a_stick":6,"minecraft:lava_bucket":1,"minecraft:bow":2},"minecraft:killed_by":{"minecraft:player":58},"minecraft:custom":{"minecraft:mob_kills":1,"minecraft:tune_noteblock":219,"minecraft:open_barrel":10,"minecraft:bell_ring":11,"minecraft:leave_game":14,"minecraft:time_since_death":21086,"minecraft:climb_one_cm":3647,"minecraft:damage_resisted":10,"minecraft:time_since_rest":21088,"minecraft:open_enderchest":10,"minecraft:sprint_one_cm":644945,"minecraft:damage_taken":16559,"minecraft:walk_one_cm":1211975,"minecraft:trigger_trapped_chest":2,"minecraft:drop":12,"minecraft:minecart_one_cm":5637,"minecraft:damage_dealt":3503,"minecraft:swim_one_cm":2652,"minecraft:talked_to_villager":28,"minecraft:target_hit":57,"minecraft:fly_one_cm":1278465,"minecraft:player_kills":100,"minecraft:open_chest":31,"minecraft:crouch_one_cm":14072,"minecraft:play_time":417753,"minecraft:deaths":58,"minecraft:sneak_time":17250,"minecraft:walk_under_water_one_cm":16603,"minecraft:boat_one_cm":24482,"minecraft:jump":2302,"minecraft:walk_on_water_one_cm":5593,"minecraft:total_world_time":417753,"minecraft:fall_one_cm":215933,"minecraft:inspect_dispenser":14},"minecraft:picked_up":{"minecraft:warped_fungus_on_a_stick":5,"minecraft:armor_stand":1,"minecraft:bow":2,"minecraft:bucket":1,"minecraft:player_head":1,"minecraft:lava_bucket":5,"minecraft:stone_button":1,"minecraft:skeleton_spawn_egg":109,"minecraft:glow_berries":1},"minecraft:used":{"minecraft:light_blue_carpet":3,"minecraft:moss_block":1,"minecraft:trident":1,"minecraft:red_sand":4,"minecraft:amethyst_block":6,"minecraft:warped_fungus_on_a_stick":3,"minecraft:flint_and_steel":9,"minecraft:melon":1,"minecraft:redstone":2,"minecraft:armor_stand":7,"minecraft:dispenser":10,"minecraft:polished_andesite":6,"minecraft:powered_rail":9,"minecraft:carrot_on_a_stick":39,"minecraft:oak_planks":2,"minecraft:ladder":15,"minecraft:sandstone":2,"minecraft:stone":33,"minecraft:netherrack":13,"minecraft:dried_kelp_block":2,"minecraft:waxed_copper_block":1,"minecraft:diamond_block":2,"minecraft:spyglass":2,"minecraft:target":22,"minecraft:sand":5,"minecraft:rail":16,"minecraft:note_block":60,"minecraft:lingering_potion":855,"minecraft:polished_diorite":12,"minecraft:redstone_torch":12,"minecraft:glass":82,"minecraft:crimson_button":1,"minecraft:lever":17,"minecraft:lava_bucket":1,"minecraft:command_block":40,"minecraft:grass_block":36,"minecraft:oak_button":1,"minecraft:barrier":20,"minecraft:stone_bricks":263,"minecraft:glowstone":1,"minecraft:repeater":43,"minecraft:redstone_lamp":1,"minecraft:bow":817,"minecraft:hay_block":2,"minecraft:emerald_block":26,"minecraft:minecart":2,"minecraft:gold_block":4,"minecraft:repeating_command_block":3,"minecraft:oak_boat":2,"minecraft:warped_button":1,"minecraft:splash_potion":61},"minecraft:killed":{"minecraft:skeleton":1}},"DataVersion":2975}