{"stats":{"minecraft:custom":{"minecraft:time_since_rest":63053,"minecraft:open_enderchest":1,"minecraft:sprint_one_cm":2609239,"minecraft:damage_taken":31252,"minecraft:walk_one_cm":1867666,"minecraft:damage_blocked_by_shield":716,"minecraft:trigger_trapped_chest":1,"minecraft:drop":8,"minecraft:damage_dealt":5579,"minecraft:traded_with_villager":79,"minecraft:fly_one_cm":2395804,"minecraft:swim_one_cm":1772,"minecraft:talked_to_villager":65,"minecraft:tune_noteblock":1,"minecraft:player_kills":116,"minecraft:open_chest":1,"minecraft:crouch_one_cm":34047,"minecraft:play_time":506454,"minecraft:deaths":121,"minecraft:bell_ring":14,"minecraft:sneak_time":28057,"minecraft:walk_under_water_one_cm":8869,"minecraft:jump":4975,"minecraft:leave_game":6,"minecraft:walk_on_water_one_cm":3102,"minecraft:time_since_death":63052,"minecraft:total_world_time":506454,"minecraft:climb_one_cm":2138,"minecraft:damage_resisted":5176,"minecraft:fall_one_cm":852071},"minecraft:killed_by":{"minecraft:player":119},"minecraft:dropped":{"minecraft:lingering_potion":1,"minecraft:crossbow":3,"minecraft:wooden_sword":2,"minecraft:carrot_on_a_stick":2},"minecraft:crafted":{"minecraft:wooden_sword":5,"minecraft:arrow":20,"minecraft:bow":1,"minecraft:shield":1,"minecraft:snowball":7,"minecraft:splash_potion":63,"minecraft:trident":2,"minecraft:air":0},"minecraft:used":{"minecraft:waxed_exposed_cut_copper":146,"minecraft:trident":7,"minecraft:iron_bars":345,"minecraft:waxed_exposed_cut_copper_stairs":109,"minecraft:chiseled_sandstone":2,"minecraft:warped_fungus_on_a_stick":599,"minecraft:light_gray_concrete":2113,"minecraft:polished_andesite":26,"minecraft:carrot_on_a_stick":49,"minecraft:brown_stained_glass":22,"minecraft:ladder":24,"minecraft:smooth_sandstone":1,"minecraft:shield":16,"minecraft:sandstone":15,"minecraft:cut_sandstone":410,"minecraft:diorite_wall":33,"minecraft:waxed_exposed_cut_copper_slab":7,"minecraft:wooden_sword":212,"minecraft:weathered_copper":58,"minecraft:bow":64,"minecraft:vine":49,"minecraft:cut_sandstone_slab":15,"minecraft:stone_stairs":29,"minecraft:crossbow":1505,"minecraft:lingering_potion":12,"minecraft:splash_potion":61},"minecraft:picked_up":{"minecraft:carrot_on_a_stick":1,"minecraft:wooden_sword":2,"minecraft:crossbow":3}},"DataVersion":3337}