[
  {
    "function": "minecraft:set_custom_model_data",
    "strings": {
      "values": ["default"],
      "mode": "insert"
    }
  },
  {
    "function": "minecraft:set_custom_data",
    "tag": {
      "ItemStatus": "ready",
      "ItemMode": "none"
    }
  },
  {
    "function": "minecraft:set_components",
    "components": {
      "minecraft:max_stack_size": 1,
      "minecraft:enchantment_glint_override": true,
      "minecraft:consumable": {
        "consume_seconds": 2147483647,
        "animation": "none"
      }
    }
  }
]